<?xml version='1.0' encoding='utf-8'?>
<document>
  <header>
    <textfile>MLJ/12305.txt</textfile>
    <lang>english</lang>
  </header>
    <segments>
      <segment id='1' start='0' end='27' features='theme;unmarked;subject;group' state='active'/>
      <segment id='2' start='186' end='201' features='theme;marked;adjunct' state='active'/>
      <segment id='3' start='437' end='441' features='theme;unmarked;subject;group' state='active'/>
      <segment id='4' start='642' end='654' features='theme;unmarked;subject;group' state='active'/>
      <segment id='5' start='978' end='980' features='theme;unmarked;subject;group' state='active'/>
    </segments>
</document>