<?xml version='1.0' encoding='utf-8'?>
<document>
  <header>
    <textfile>MLJ/12349.txt</textfile>
    <lang>english</lang>
  </header>
    <segments>
      <segment id='1' start='0' end='10' features='theme;unmarked;subject;group' state='active'/>
      <segment id='2' start='136' end='155' features='theme;unmarked;subject;group' state='active'/>
      <segment id='3' start='232' end='244' features='theme;unmarked;subject;group' state='active'/>
      <segment id='4' start='344' end='386' features='theme;marked;adjunct' state='active'/>
      <segment id='5' start='591' end='599' features='theme;unmarked;subject;group' state='active'/>
      <segment id='6' start='690' end='709' features='theme;unmarked;subject;group' state='active'/>
      <segment id='7' start='813' end='841' features='theme;unmarked;subject;group' state='active'/>
      <segment id='8' start='951' end='978' features='theme;unmarked;subject;group' state='active'/>
      <segment id='9' start='1034' end='1036' features='theme;unmarked;subject;group' state='active'/>
    </segments>
</document>