<?xml version='1.0' encoding='utf-8'?>
<document>
  <header>
    <textfile>MLJ/12316.txt</textfile>
    <lang>english</lang>
  </header>
    <segments>
      <segment id='1' start='0' end='10' features='theme;unmarked;subject;group' state='active'/>
      <segment id='2' start='338' end='458' features='theme;unmarked;subject;group' state='active'/>
      <segment id='3' start='536' end='563' features='theme;unmarked;subject;group' state='active'/>
      <segment id='4' start='612' end='626' features='theme;unmarked;subject;group' state='active'/>
      <segment id='5' start='808' end='820' features='theme;unmarked;subject;group' state='active'/>
      <segment id='6' start='1059' end='1066' features='theme;textual' state='active'/>
      <segment id='8' start='1068' end='1084' features='theme;unmarked;subject;group' state='active'/>
      <segment id='7' start='1576' end='1637' features='theme;unmarked;subject;group' state='active'/>
    </segments>
</document>