<?xml version='1.0' encoding='utf-8'?>
<document>
  <header>
    <textfile>MLJ/12313.txt</textfile>
    <lang>english</lang>
  </header>
    <segments>
      <segment id='1' start='0' end='47' features='theme;marked;adjunct' state='active'/>
      <segment id='2' start='293' end='327' features='theme;marked;adjunct' state='active'/>
      <segment id='3' start='474' end='485' features='theme;textual' state='active'/>
      <segment id='4' start='487' end='497' features='theme;unmarked;subject;group' state='active'/>
      <segment id='5' start='671' end='754' features='theme;unmarked;subject;group' state='active'/>
      <segment id='6' start='834' end='882' features='theme;marked;adjunct' state='active'/>
      <segment id='7' start='969' end='994' features='theme;marked;adjunct' state='active'/>
      <segment id='8' start='1100' end='1107' features='theme;unmarked;subject;group' state='active'/>
      <segment id='9' start='1273' end='1285' features='theme;unmarked;subject;group' state='active'/>
      <segment id='10' start='1436' end='1444' features='theme;unmarked;subject;group' state='active'/>
    </segments>
</document>