<?xml version='1.0' encoding='utf-8'?>
<document>
  <header>
    <textfile>MLJ/12410.txt</textfile>
    <lang>english</lang>
  </header>
    <segments>
      <segment id='1' start='0' end='51' features='theme;unmarked;subject;group' state='active'/>
      <segment id='2' start='239' end='251' features='theme;unmarked;subject;group' state='active'/>
      <segment id='3' start='358' end='374' features='theme;unmarked;subject;group' state='active'/>
      <segment id='4' start='489' end='495' features='theme;unmarked;subject;group' state='active'/>
      <segment id='5' start='634' end='666' features='theme;unmarked;subject;group' state='active'/>
      <segment id='6' start='871' end='932' features='theme;unmarked;subject;group' state='active'/>
      <segment id='7' start='1027' end='1037' features='theme;textual' state='active'/>
      <segment id='8' start='1038' end='1045' features='theme;unmarked;subject;group' state='active'/>
    </segments>
</document>