<?xml version='1.0' encoding='utf-8'?>
<document>
  <header>
    <textfile>MLJ/12409.txt</textfile>
    <lang>english</lang>
  </header>
    <segments>
      <segment id='1' start='0' end='60' features='theme;marked;adjunct' state='active'/>
      <segment id='2' start='288' end='298' features='theme;unmarked;subject;group' state='active'/>
      <segment id='3' start='385' end='400' features='theme;unmarked;subject;group' state='active'/>
      <segment id='4' start='711' end='732' features='theme;unmarked;subject;group' state='active'/>
      <segment id='5' start='1118' end='1214' features='theme;marked;adjunct' state='active'/>
    </segments>
</document>