<?xml version='1.0' encoding='utf-8'?>
<document>
  <header>
    <textfile>MLJ/12309.txt</textfile>
    <lang>english</lang>
  </header>
    <body>
<segment id='1' features='theme;unmarked;subject;group' state='active'>The field of second language studies</segment> is using increasingly sophisticated methodological approaches to address a growing number of urgent, real-world problems. <segment id='2' features='theme;unmarked;subject;group' state='active'>These methodological developments</segment> bring both new challenges and opportunities. <segment id='3' features='theme;unmarked;subject;group' state='active'>This article</segment> briefly reviews recent ontological and methodological debates in the field, then builds on these insights to consider some of the current dilemmas faced by researchers of second language teaching and learning, including concerns regarding fragmentation, generalizability, and replication. <segment id='4' features='theme;marked;adjunct' state='active'>Through a review of recent research,</segment> we argue that one means of addressing these ongoing questions is to continue to focus collectively and collaboratively on solving real-world problems of language learning, while also layering our perspectives. <segment id='5' features='theme;marked;adjunct' state='active'>By layering</segment>, we mean considering the central philosophical challenges, often those that are basic values in our methodological approaches, such as objectivity and bias, from varied epistemological stances. <segment id='6' features='theme;unmarked;subject;group' state='active'>We</segment> argue that recognizing these differences and using a layered approach will enhance and improve our attempts to address the pressing problems in our field.
    </body>
</document>