<?xml version='1.0' encoding='utf-8'?>
<document>
  <header>
    <textfile>MLJ/12306.txt</textfile>
    <lang>english</lang>
  </header>
    <body>
<segment id='1' features='theme;marked;dependent_clause' state='active'>As a new century begins for The Modern Language Journal</segment>, we argue that highly effective pedagogy requires viewing language and language learning as both cognitive and social phenomena, and that teachers who seek to truly understand the nature of their responsibilities do not have the luxury of choosing one perspective over the other. <segment id='2' features='theme;unmarked;subject;group' state='active'>We</segment> first identify what we consider to be theory-neutral nonnegotiable boundaries within which pedagogical decision making takes place, including (a) participants’ background knowledge, (b) the nature of the object of instruction, (c) the nature of human cognition and social interaction, and (d) available time. <segment id='3' features='theme;textual' state='active'>Then</segment> <segment id='4' features='theme;unmarked;subject;group' state='active'>we</segment> discuss learning goals, learning means, and instructional support as the negotiable elements that teachers may manipulate through their instructional decisions. <segment id='5' features='theme;marked;adjunct' state='active'>At the heart of the article</segment>, we describe in greater detail cognitive versus social perspectives on the dynamic relationship between teaching and learning, <segment id='6' features='theme;textual' state='active'>and</segment> <segment id='7' features='theme;unmarked;subject;group' state='active'>we</segment> identify ways in which they diverge and converge in characterizing linguistic development. <segment id='8' features='theme;unmarked;subject;group' state='active'>We</segment> then synthesize these perspectives in a holistic, sociocognitive view of pedagogy, which we define as ‘a meeting of minds within social worlds.’ <segment id='9' features='theme;unmarked;subject;group' state='active'>We</segment> conclude by outlining current pedagogical proposals that exemplify sociocognitive pedagogy by engaging learners in iterative cycles of modeling, guidance, and handover to independent language use.
    </body>
</document>