<?xml version='1.0' encoding='utf-8'?>
<document>
  <header>
    <textfile>MLJ/12308.txt</textfile>
    <lang>english</lang>
  </header>
    <body>
<segment id='1' features='theme;unmarked;subject;group' state='active'>This article</segment> summarizes some of the main issues, concerns, and debates that have ensued over the years in the field of L2 assessment and shows how past concerns have shaped contemporary L2 assessment research and practice. <segment id='2' features='theme;unmarked;subject;group' state='active'>The article</segment> first describes what L2 assessment is and what it entails, arguing that notions of L2 assessment have been broadened over the years to keep pace with contemporary interpretations of how information from assessments in large-scale or classroom contexts is used to make decisions. <segment id='3' features='theme;unmarked;subject;group' state='active'>It</segment> then describes in some detail four approaches to construct definition, showing how these approaches have influenced what gets assessed. <segment id='4' features='theme;textual' state='active'>Finally,</segment> <segment id='5' features='theme;unmarked;subject;group' state='active'>the paper</segment> discusses a range of other topics of current and future importance for L2 assessment theory, research, and practice.
    </body>
</document>