<?xml version='1.0' encoding='utf-8'?>
<document>
  <header>
    <textfile>MLJ/12305.txt</textfile>
    <lang>english</lang>
  </header>
    <body>
<segment id='1' features='theme;unmarked;subject;group' state='active'>The Modern Language Journal</segment> has long been an important venue for the publication of research and reflection on the teaching and learning of foreign languages (FL) in classroom contexts. <segment id='2' features='theme;marked;adjunct' state='active'>In this article</segment>, we offer a perspective on the contemporary FL classroom, informed by a descriptive survey of all studies that took place in FL classes that were published in The Modern Language Journal (MLJ) between 2001 and 2014 inclusive (N = 97). <segment id='3' features='theme;unmarked;subject;group' state='active'>This</segment> yielded a profile of FL classrooms in terms of geographical locations, languages being taught, the amount and distribution of instructional time, and the age and language backgrounds of the students. <segment id='4' features='theme;unmarked;subject;group' state='active'>The findings</segment> revealed that FL environments benefiting from research investigations in the MLJ typically involve older learners in on-site (rather than virtual) classes that afford limited exposure to the FL, which was typically English (in non-English-speaking countries) and French, German, or Spanish (in English-speaking countries). <segment id='5' features='theme;unmarked;subject;group' state='active'>We</segment> consider the implications of these findings for the study of FLs in the future and identify aspects of FL classrooms that merit greater research attention as the MLJ moves into its second century.
    </body>
</document>