<?xml version='1.0' encoding='utf-8'?>
<document>
  <header>
    <textfile>MLJ/12307.txt</textfile>
    <lang>english</lang>
  </header>
    <body>
<segment id='1' features='theme;unmarked;subject;group' state='active'>Language program evaluation</segment> is a pragmatic mode of inquiry that illuminates the complex nature of language-related interventions of various kinds, the factors that foster or constrain them, and the consequences that ensue. <segment id='2' features='theme;unmarked;subject;group' state='active'>Program evaluation</segment> enables a variety of evidence-based decisions and actions, from designing programs and implementing practices to judging effectiveness and improving outcomes. <segment id='3' features='theme;textual' state='active'>Though</segment> <segment id='4' features='theme;enhanced;preposed_attributive' state='active'>often narrowly construed as an external accountability requirement only, evaluation</segment> may provide a heuristic for generating new knowledge; raising awareness; and transforming the educational, social, and economic circumstances of individuals and communities. <segment id='5' features='theme;marked;adjunct' state='active'>In this article</segment>, I review the origins and interdisciplinary nature of program evaluation, and I trace its development within applied linguistics and language education in particular. <segment id='6' features='theme;unmarked;subject;group' state='active'>I</segment> then consider the current contributions of language program evaluation, <segment id='8' features='theme;textual' state='active'>and</segment> <segment id='7' features='theme;unmarked;subject;group' state='active'>I</segment> point to likely future trends. <segment id='9' features='theme;textual' state='active'>In particular</segment>, <segment id='10' features='theme;unmarked;subject;group' state='active'>I</segment> highlight how changing global circumstances, technological affordances, and contexts and purposes for language learning and language use are both impacting the nature of evaluation and presenting challenges for which evaluation is uniquely suited to respond. <segment id='11' features='theme;unmarked;subject;group' state='active'>I</segment> also emphasize the potential—versus as yet realized—contribution of program evaluation as a way of ameliorating gaps in current language research and practice, <segment id='13' features='theme;textual' state='active'>and</segment> <segment id='12' features='theme;unmarked;subject;group' state='active'>I</segment> point to implications for training, dissemination, and integration of this mode of inquiry as an important part of the future intellectual core of applied linguistics.
    </body>
</document>