<?xml version='1.0' encoding='utf-8'?>
<document>
  <header>
    <textfile>MLJ/12303.txt</textfile>
    <lang>english</lang>
  </header>
    <body>
<segment id='1' features='theme;unmarked;subject;group' state='active'>This article</segment> considers the relevance of language policy and planning (LPP) for language education in the United States in relation to the country&apos;s longstanding and continuing multilingualism. <segment id='2' features='theme;marked;adjunct' state='active'>In reflecting on the U.S. context</segment>, one striking feature is the absence of a guiding overarching explicit national educational language policy. <segment id='3' features='theme;unmarked;subject;group' state='active'>Language policies and practices</segment> may either promote or restrict the teaching of languages. <segment id='4' features='theme;textual' state='active'>Thus</segment>, <segment id='5' features='theme;unmarked;subject;clause' state='active'>whether having such a policy would be desirable for promoting the learning of languages</segment> depends on a number of factors such as the features of the policy and the extent to which it was adequately resourced, understood, valued, and implemented effectively, just to mention a few. <segment id='6' features='theme;unmarked;subject;group' state='active'>Explicit language planning and policy making in the United States</segment>−when it does occur−tends to be done at the state, local, or institutional levels, or within rather limited domains of federal priorities, such as those related to defense or national security. <segment id='7' features='theme;marked;adjunct' state='active'>Beyond formal policies</segment>, implicit language practices sometimes have more influence on language behavior. <segment id='8' features='theme;marked;dependent_clause' state='active'>Even when policies are intended to promote languages</segment>, they may not always be well conceived, received, resourced, or implemented. <segment id='9' features='theme;marked;adjunct' state='active'>Given some of these issues</segment>, it is useful to consider the role of agency in language planning and policy (LPP). <segment id='10' features='theme;marked;adjunct' state='active'>Even when guided by national or state top-down policy agendas</segment>, policies can be interpreted and reinterpreted, by policy intermediaries, agents, administrators, or arbiters (Johnson, ). <segment id='11' features='theme;textual' state='active'>Moreover</segment>, <segment id='12' features='theme;marked;adjunct' state='active'>within the context of school language policies, at the level of implementation,</segment> teachers, parents, and the students themselves help to determine the effectiveness of policies in practice (Menken &amp; García, ). <segment id='13' features='theme;marked;adjunct' state='active'>Beyond the schools</segment>, parents and stakeholders in the community can play significant roles in creating practices that have the force of policy from the bottom up. <segment id='14' features='theme;marked;adjunct' state='active'>Given these considerations</segment>, this article weighs the role of policy and the legacy of past policies and their consequences; assesses some of the strengths and weaknesses of current policies and practices, both in schools and families and communities; and considers prospects for a more promising future that involves embracing the fundamental multilingualism of U.S. society, communities, and families. <segment id='15' features='theme;marked;adjunct' state='active'>In so doing</segment>, the article reflects on alternatives to U.S. language education policy that would transcend national conceptions of languages so as to leverage speakers’ actual linguistic competence.
    </body>
</document>