<?xml version='1.0' encoding='utf-8'?>
<document>
  <header>
    <textfile>MLJ/12300.txt</textfile>
    <lang>english</lang>
  </header>
    <body>
<segment id='1' features='theme;unmarked;subject;group' state='active'>Transformations associated with the increasing speed, scale, and complexity of mobilities, together with the information technology revolution,</segment> have changed the demography of most countries of the world and brought about accompanying social, cultural, and economic shifts (Heugh, ). <segment id='2' features='theme;unmarked;subject;group' state='active'>This complex diversity</segment> has changed the very nature of communication within and across languages, in society in general, and in education. <segment id='3' features='theme;unmarked;subject;group' state='active'>These changes</segment> in turn require a reconceptualization of our approach to language/s education in ways that recognize a diversity of goals for people from different backgrounds, people who are learning a variety of languages in diverse settings and who may be interested in developing different capabilities and achieving different outcomes. <segment id='4' features='theme;marked;adjunct' state='active'>In this article</segment>, we address the reconceptualization of the goals and outcomes of learning additional languages and processes for their formulation and realization. <segment id='5' features='theme;unmarked;subject;group' state='active'>We</segment> will make explicit the educational values that underpin our position. <segment id='6' features='theme;marked;adjunct' state='active'>Recognizing the immense diversity that the learning of additional languages in diverse contexts encompasses,</segment> our consideration is necessarily conceptual. <segment id='7' features='theme;unmarked;subject;group' state='active'>The point of departure for our discussion</segment> is communicative language teaching, the dominant paradigm for language teaching for the past 40 years. <segment id='8' features='theme;unmarked;subject;group' state='active'>We</segment> briefly trace its historical development and provide an account of some of the conceptual and theoretical expansions since its initial formulation. <segment id='9' features='theme;marked;adjunct' state='active'>In light of this expansion</segment> we then discuss goals for learning additional languages by: (a) reaffirming the multilingual character of communication and learning to communicate, focusing on the exchange of meaning, (b) (re-)inserting the importance of personal development and aesthetics, and (c) recognizing the centrality of reflectivity and reflexivity in communication and learning to communicate. <segment id='10' features='theme;unmarked;subject;group' state='active'>We</segment> conclude with a set of principles that are intended to capture the expanded nature of goals and their rendering for the purposes of teaching and learning.
    </body>
</document>