<?xml version='1.0' encoding='utf-8'?>
<document>
  <header>
    <textfile>MLJ/12302.txt</textfile>
    <lang>english</lang>
  </header>
    <body>
<segment id='1' features='theme;unmarked;subject;group' state='active'>This article</segment> offers a capacious view of technology to suggest broad principles relating technology and language use, language teaching, and language learning. <segment id='2' features='theme;unmarked;subject;group' state='active'>The first part of the article</segment> considers some of the ways that technological media influence contexts and forms of expression and communication. <segment id='3' features='theme;marked;adjunct' state='active'>In the second part</segment>, a set of heuristic questions is proposed to help guide language teachers and researchers in determining how to incorporate technology into their teaching practice or research agenda and evaluate its suitability and impact. <segment id='4' features='theme;unmarked;subject;group' state='active'>These questions</segment> are based primarily on the goal of helping learners to pay critical attention to the culturally encoded connections among forms, contexts, meanings, and ideologies that they will encounter and produce in different mediums, both traditional and new.
    </body>
</document>