<?xml version='1.0' encoding='utf-8'?>
<document>
  <header>
    <textfile>MLJ/12304.txt</textfile>
    <lang>english</lang>
  </header>
    <body>
<segment id='1' features='theme;unmarked;subject;group' state='active'>This article</segment> lays out the proposition that the rapid changes in 21st-century society, in which multilingualism is the norm, have presented new challenges, questions, and resources with regard to the roles, tasks, and contributions of language teachers. <segment id='2' features='theme;marked;adjunct' state='active'>In line with recent research developments and in keeping with tradition,</segment> we believe it helpful to think of language teachers’ broader identity role as that of moral agent. <segment id='3' features='theme;unmarked;subject;group' state='active'>We</segment> examine implications that such a re-envisioning has for the knowledge base of language teachers and for the purposes and practices of language teacher education and professional development. <segment id='4' features='theme;marked;adjunct' state='active'>Drawing on research in language teacher education, language teacher cognition, second language acquisition, and applied linguistics more broadly</segment>, we highlight the need to go beyond traditional notions of teachers’ knowledge of language, language learning, and language learners. <segment id='5' features='theme;unmarked;subject;group' state='active'>We</segment> also subject to critical scrutiny the notions of effective pedagogies and reflective practice as the desired outcomes of language teacher preparation and development. <segment id='6' features='theme;textual' state='active'>Instead,</segment> <segment id='7' features='theme;unmarked;subject;group' state='active'>we</segment> introduce critical alternatives that offer creative possibilities for educating teachers able and willing to serve student populations with diverse language learning needs across interlinguistic, sociopolitical, and historical contexts of language teaching.
    </body>
</document>