<?xml version='1.0' encoding='utf-8'?>
<document>
  <header>
    <textfile>MLJ/12318.txt</textfile>
    <lang>english</lang>
  </header>
    <body>
<segment id='1' features='theme;unmarked;subject;group' state='active'>This study</segment> explores the teaching of second language (L2) Spanish sociopragmatics through concept-based pragmatics instruction (van Compernolle, ). <segment id='2' features='theme;unmarked;subject;group' state='active'>The concepts of self-presentation, social distance, and power</segment> were the focus of a pedagogical enrichment program in 2 sections of a beginning-level Spanish class at a northeastern U.S. university. <segment id='3' features='theme;unmarked;subject;group' state='active'>The concepts</segment> were illustrated by the Spanish second person pronoun system (i.e., tú vs. usted). <segment id='4' features='theme;unmarked;subject;group' state='active'>The analysis</segment> centers on preenrichment and postenrichment performances on 3 tasks: (a) a language awareness survey, (b) an appropriateness judgment task, and (c) a written discourse completion task. <segment id='5' features='theme;unmarked;subject;group' state='active'>Results</segment> show positive gains in conceptual sociopragmatic knowledge and the ability to apply this knowledge when making pragmalinguistic choices. <segment id='6' features='theme;textual' state='active'>However,</segment> <segment id='7' features='theme;unmarked;subject;group' state='active'>morphosyntactic accuracy in performance</segment> appears to lag behind conceptual knowledge.
    </body>
</document>