<?xml version='1.0' encoding='utf-8'?>
<document>
  <header>
    <textfile>MLJ/12317.txt</textfile>
    <lang>english</lang>
  </header>
    <body>
<segment id='1' features='theme;unmarked;subject;group' state='active'>This study</segment> extends research on written corrective feedback (CF) by investigating how timing of CF affects grammar acquisition. <segment id='2' features='theme;textual' state='active'>Specifically</segment>, <segment id='3' features='theme;unmarked;subject;group' state='active'>it</segment> examined the relative effects of synchronous and asynchronous CF on the accurate use of the hypothetical conditional structure. <segment id='4' features='theme;unmarked;subject;group' state='active'>Participants</segment> were 68 intermediate-level students of English at a university in Japan. <segment id='5' features='theme;unmarked;subject;group' state='active'>Learners from a synchronous CF group (SCF), an asynchronous CF group (ACF), and a comparison group</segment> completed 2 writing tasks using Google Docs. <segment id='6' features='theme;unmarked;subject;group' state='active'>The 2 experimental groups</segment> received focused direct CF with the following differences: <segment id='7' features='theme;unmarked;subject;group' state='active'>The SCF group</segment> received synchronous feedback on grammatical errors during writing tasks, <segment id='8' features='theme;textual' state='active'>while</segment> <segment id='9' features='theme;unmarked;subject;group' state='active'>the ACF learners</segment> received feedback after the tasks. <segment id='10' features='theme;unmarked;subject;group' state='active'>Participants</segment> revised their texts upon receiving the feedback. <segment id='11' features='theme;unmarked;subject;group' state='active'>The comparison group</segment> completed the writing tasks without feedback. <segment id='12' features='theme;unmarked;subject;group' state='active'>Accurate use of the target feature</segment> was measured by a set of 3 text reconstruction tasks conducted as pre-, immediate post-, and delayed posttests. <segment id='13' features='theme;unmarked;subject;group' state='active'>The results</segment> showed that both experimental groups significantly improved from the pretest to the 2 posttests while the comparison group did not. <segment id='14' features='theme;textual' state='active'>Overall, however,</segment> <segment id='15' features='theme;unmarked;subject;group' state='active'>effect sizes for the posttests</segment> indicated that SCF was more effective in improving learners’ accuracy with only the SCF group outperforming the comparison group on the delayed posttest.
    </body>
</document>