<?xml version='1.0' encoding='utf-8'?>
<document>
  <header>
    <textfile>MLJ/12315.txt</textfile>
    <lang>english</lang>
  </header>
    <body>
<segment id='1' features='theme;unmarked;subject;group' state='active'>The article</segment> reports on a study investigating the comparative effects of immediate and delayed corrective feedback in learning the English past passive construction, a linguistic structure of which the learners had little prior knowledge. <segment id='2' features='theme;unmarked;subject;group' state='active'>A total of 120 learners of English as a foreign language (EFL) from 4 intact classes at a Chinese middle school</segment> were randomly assigned to conditions: immediate feedback, delayed feedback, task-only, and control. <segment id='3' features='theme;unmarked;subject;group' state='active'>The 3 experimental groups</segment> attended a 2-hour treatment session where they performed 2 dictogloss (narrative) tasks in groups, each followed by a reporting phase in which they took turns telling the narrative to the class. <segment id='4' features='theme;unmarked;subject;group' state='active'>The 2 feedback groups</segment> received either immediate or delayed corrective feedback in the form of a prompt, followed by recasts of utterances containing errors in their use of the target structure. <segment id='5' features='theme;unmarked;subject;group' state='active'>No effect for the corrective feedback</segment> was found on elicited imitation test scores, <segment id='6' features='theme;textual' state='active'>but</segment> <segment id='7' features='theme;unmarked;subject;group' state='active'>both the immediate and delayed feedback</segment> resulted in gains in grammaticality judgment test scores, with immediate feedback showing some advantage over delayed feedback. <segment id='8' features='theme;unmarked;subject;group' state='active'>We</segment> interpret these results as showing that the feedback only aided the development of declarative/explicit knowledge and that the advantage found for immediate feedback was due to the learners using the feedback progressively in the production of new past passive sentences, whereas this did not occur in the delayed feedback condition.
    </body>
</document>