<?xml version='1.0' encoding='utf-8'?>
<document>
  <header>
    <textfile>MLJ/12314.txt</textfile>
    <lang>english</lang>
  </header>
    <body>
<segment id='1' features='theme;marked;dependent_clause' state='active'>While oral corrective feedback is a principal focus in second language acquisition research,</segment> most studies examine feedback once it has been provided. <segment id='2' features='theme;unmarked;subject;clause' state='active'>Investigating how instructors make in-class feedback decisions</segment> has not been thoroughly explored, despite the fact that classroom feedback occurs at the discretion of the individual language instructor and evidence from case studies that feedback provision varies greatly between instructors (recently reviewed in Lyster, Saito, &amp; Sato, ). <segment id='3' features='theme;unmarked;subject;group' state='active'>This study</segment> investigates how 32 instructors make their moment-to-moment feedback decisions in response to learner errors during natural, university-level Spanish foreign language lessons. <segment id='4' features='theme;unmarked;subject;group' state='active'>Each instructor</segment> had a 50-minute grammar-focused lesson videotaped and participated in a stimulated recall. <segment id='5' features='theme;unmarked;subject;group' state='active'>Results</segment> reveal instructor in-class feedback decision making to be a systematic and ordered cognitive process: <segment id='6' features='theme;unmarked;subject;group' state='active'>Instructors who reflect on learner errors</segment> report that contextual (e.g., error type), learner (e.g., perceived student ability), <segment id='7' features='theme;textual' state='active'>and</segment> <segment id='8' features='theme;unmarked;subject;group' state='active'>instructor factors</segment> (e.g., research background) influenced their decision whether or not to provide feedback, as well what type(s) to provide, and when. <segment id='9' features='theme;unmarked;subject;group' state='active'>Others</segment> report having automatized their feedback practices and not reflecting on learner errors. <segment id='10' features='theme;unmarked;subject;group' state='active'>All instructors</segment> report that their individual characteristics, specifically their native language, teaching experience, and training in second language acquisition, mediate the corrective feedback they provide.
    </body>
</document>