<?xml version='1.0' encoding='utf-8'?>
<document>
  <header>
    <textfile>MLJ/12319.txt</textfile>
    <lang>english</lang>
  </header>
    <body>
<segment id='1' features='theme;unmarked;subject;group' state='active'>The educational impacts of mandated assessment in U.S. colleges</segment> is part of a growing research agenda focused on how methodologies of program evaluation best enable educators to improve teaching and learning. <segment id='2' features='theme;textual' state='active'>Accordingly,</segment> <segment id='3' features='theme;unmarked;subject;group' state='active'>research</segment> has tried to identify the key aspects of evaluation/assessment ‘capacity’ in college language departments (i.e., environmental conditions and personnel factors) that seem most associated with meaningful reform and evaluation use. <segment id='4' features='theme;unmarked;subject;group' state='active'>This article</segment> reports on a provisional framework of evaluation/assessment capacity for university foreign language (FL) programs. <segment id='5' features='theme;unmarked;subject;group' state='active'>Factor analysis</segment> was performed on questionnaire data from 204 university language educators reporting on their program assessment activities. <segment id='6' features='theme;unmarked;subject;group' state='active'>Results</segment> suggested a set of program-level and institutional capacity elements grouped into 7 categories: (a) institutional support (funding, training, expertise, etc.), (b) institutional governance and leadership, (c) facilitative infrastructures (e.g., curricular maps, assessment plans), (d) program-level support (financial, personnel resources), (e) a prevailing program ethos conducive to educational innovation, (f) pro-assessment attitudes, and (g) high-quality assessment activities and abilities (i.e., dimensions of assessment practice at advanced levels of skill and experience). <segment id='7' features='theme;unmarked;subject;group' state='active'>The framework</segment> delineates a provisional set of theory-based, empirically supported program factors linked to assessment usefulness in postsecondary FL education and provides educators a set of guidelines to develop their assessment capabilities.
    </body>
</document>