<?xml version='1.0' encoding='utf-8'?>
<document>
  <header>
    <textfile>MLJ/12313.txt</textfile>
    <lang>english</lang>
  </header>
    <body>
<segment id='1' features='theme;marked;adjunct' state='active'>In research on task-based learning and teaching</segment>, it has traditionally been assumed that differing degrees of cognitive task complexity can be inferred through task design and/or observations of differing qualities in linguistic production elicited by second language (L2) communication tasks. <segment id='2' features='theme;marked;adjunct' state='active'>Without validating this assumption</segment>, however, it is unclear at best whether the designed or inferred difference in complexity, the key independent variable, is realized as intended. <segment id='3' features='theme;textual' state='active'>Accordingly</segment>, <segment id='4' features='theme;unmarked;subject;group' state='active'>this study</segment> adopted diverse methods from cognitive psychology for independently measuring cognitive task complexity, including: dual-task methodology, time estimation, and self-rating. <segment id='5' features='theme;unmarked;subject;group' state='active'>Fifty-three English-L2 speakers in Japan, representing distinct proficiency levels,</segment> narrated 4 picture sequences, each containing differing numbers of characters. <segment id='6' features='theme;marked;adjunct' state='active'>While performing the primary story-telling task,</segment> participants simultaneously completed a secondary task of reacting to a color change. <segment id='7' features='theme;marked;adjunct' state='active'>After each story-telling,</segment> they also estimated their time-on-task and rated their perceptions of task difficulty and mental effort. <segment id='8' features='theme;unmarked;subject;group' state='active'>Results</segment> revealed that only large differences in the task design feature (i.e., number of elements) were detectable in terms of independent measures of cognitive complexity. <segment id='9' features='theme;unmarked;subject;group' state='active'>This finding</segment> underscores the importance of validating the assumptions about the relationship between task design and its putative effects on cognitive complexity. <segment id='10' features='theme;unmarked;subject;group' state='active'>Findings</segment> also indicated a potential interaction among proficiency, task designs, and measures of cognitive load.
    </body>
</document>