<?xml version='1.0' encoding='utf-8'?>
<document>
  <header>
    <textfile>MLJ/12329.txt</textfile>
    <lang>english</lang>
  </header>
    <body>
<segment id='1' features='theme;marked;adjunct' state='active'>Over the past decade</segment>, second language (L2) humor has attracted scholarly attention as both a means and a goal of L2 development. <segment id='2' features='theme;unmarked;subject;group' state='active'>Much of this research,</segment> however, has focused on oral communication, <segment id='3' features='theme;textual' state='active'>whereas</segment> <segment id='4' features='theme;unmarked;subject;group' state='active'>virtually no studies</segment> address humor as an aspect of reading comprehension. <segment id='5' features='theme;unmarked;subject;group' state='active'>This exploratory study</segment> combines these two areas of inquiry, examining how L2 learners of Russian negotiate textual humor. <segment id='6' features='theme;textual' state='active'>In particular</segment>, <segment id='7' features='theme;unmarked;subject;group' state='active'>the study</segment> addresses the role of textual properties (genre and humorousness), and the effects of proficiency on learners’ ability to apprehend and appreciate textual humor. <segment id='8' features='theme;unmarked;subject;group' state='active'>The findings</segment> suggest that learner comprehension is dynamic and often partial (cf. Bell, ), depending on familiarity with genre conventions and linguistic devices signaling humorous intent. <segment id='9' features='theme;unmarked;subject;group' state='active'>The study</segment> also found that different stages of humor comprehension required discrete sets of knowledge: <segment id='10' features='theme;unmarked;subject;group' state='active'>Detection,</segment> for example, relies on L2 linguistic knowledge, whereas understanding hinges largely on native cultural beliefs. <segment id='11' features='theme;unmarked;subject;group' state='active'>Comparison of both groups</segment> suggested that the differences between learners and native speakers were both quantitative and qualitative. <segment id='12' features='theme;unmarked;subject;group' state='active'>The role of proficiency</segment> was more complex than expected and primarily evidenced in the accuracy (rather than frequency) of humor recognition independent of text properties. <segment id='13' features='theme;unmarked;subject;group' state='active'>The article</segment> concludes with pedagogical suggestions and outlines future research areas.
    </body>
</document>