<?xml version='1.0' encoding='utf-8'?>
<document>
  <header>
    <textfile>MLJ/12320.txt</textfile>
    <lang>english</lang>
  </header>
    <body>
<segment id='1' features='theme;unmarked;subject;group' state='active'>This article</segment> studies the use of support verb constructions (SVCs) in the written production of learners of Spanish. <segment id='2' features='theme;unmarked;subject;group' state='active'>SVCs</segment> are lexical combinations whose content is similar to verbal predicates but is distributed between a verb and a noun, the noun being the carrier of the core lexical meaning of the predicate. <segment id='3' features='theme;marked;dependent_clause' state='active'>Although there is considerable agreement on the importance of these constructions in the learning process,</segment> their use in the production of learners of Spanish has so far attracted little attention. <segment id='4' features='theme;unmarked;subject;group' state='active'>This study</segment> examines the difficulties posed to learners by this construction by means of a qualitative analysis of the errors registered in 3 samples consisting of essays by learners with 3 different mother tongues (English, Swedish, and Japanese). <segment id='5' features='theme;unmarked;subject;group' state='active'>It</segment> focuses on 3 types of error, 2 of which—the support verb choice and the determiner choice—seem to be especially problematic due to the unpredictability of the units involved. <segment id='6' features='theme;unmarked;subject;group' state='active'>The third type</segment>—using an SVC instead of a more idiomatic 1-word verb—is regularly found only in the samples of the Japanese speakers, which suggests the influence of a particular mother tongue in its production.
    </body>
</document>