<?xml version='1.0' encoding='utf-8'?>
<document>
  <header>
    <textfile>MLJ/12328.txt</textfile>
    <lang>english</lang>
  </header>
    <body>
<segment id='1' features='theme;unmarked;subject;group' state='active'>This study</segment> examined the effectiveness of Zipfian frequency at facilitating the acquisition of English prenominal past participles. <segment id='2' features='theme;unmarked;subject;group' state='active'>Chinese middle school students (N = 103)</segment> were randomly assigned to a sequenced Zipfian frequency (SZF) group, a random Zipfian frequency (RZF) group, a balanced frequency (BF) group, and a control group. <segment id='3' features='theme;unmarked;subject;group' state='active'>A mixed experimental design</segment> was used to detect the development of the learners’ prenominal past participles. <segment id='4' features='theme;unmarked;subject;group' state='active'>An untimed acceptability judgment task and a timed grammaticality judgment task</segment> were employed to assess the learning effect triggered by different types of frequency. <segment id='5' features='theme;unmarked;subject;group' state='active'>Results of the timed grammaticality judgment task</segment> indicated that SZF was as effective as RZF and BF for learners to learn the grammatical prenominal past participles but more effective than RZF and BF for them to unlearn the ungrammatical ones in the midtest. <segment id='6' features='theme;unmarked;subject;group' state='active'>Results of the untimed acceptability judgment</segment> showed that SZF was not superior to RZF and BF when learners learned the grammatical prenominal past participles, but more beneficial for them to unlearn the ungrammatical ones than RZF and BF in the post- and delayed posttests. <segment id='7' features='theme;unmarked;subject;group' state='active'>Pedagogical implications for second language construction teaching</segment> are discussed.
    </body>
</document>