<?xml version='1.0' encoding='utf-8'?>
<document>
  <header>
    <textfile>MLJ/12330.txt</textfile>
    <lang>english</lang>
  </header>
    <body>
<segment id='1' features='theme;enhanced;comment' state='active'>It has been noted</segment> that Chinese shows both satellite- and verb-framed properties (Beavers, Levin, &amp; Tham, ; Slobin, ), a fact that offers the opportunity to explore the typological influence of learners’ dominant language because they can choose either option to describe the same motion events and be grammatically correct. <segment id='2' features='theme;unmarked;subject;group' state='active'>This study</segment> comprehensively examined the impact of factors including the dominant language&apos;s thinking for speaking (TFS) (Slobin, , , ), as well as proficiency and degree of socialization with the target language. <segment id='3' features='theme;unmarked;subject;group' state='active'>It</segment> examined oral narratives produced by 80 learners of Chinese representing two proficiency levels (low vs. high) and two linguistic backgrounds (heritage language vs. foreign language), as compared to two baseline groups of 40 Chinese native speakers (NSs) and 40 English NSs. <segment id='4' features='theme;unmarked;subject;group' state='active'>Analysis of the motion verbs and motion constructions</segment> showed a limited role of the dominant TFS. <segment id='5' features='theme;marked;dependent_clause' state='active'>While the more proficient learners were more capable of producing task-relevant motion expressions regardless of their language background,</segment> only advanced heritage learners demonstrated target-like TFS. <segment id='6' features='theme;unmarked;subject;group' state='active'>Comparison of heritage and foreign language learners at the same proficiency level</segment> suggests that degree of language socialization plays a crucial role in facilitating development of TFS in the target language.
    </body>
</document>