<?xml version='1.0' encoding='utf-8'?>
<document>
  <header>
    <textfile>MLJ/12338.txt</textfile>
    <lang>english</lang>
  </header>
    <body>
<segment id='1' features='theme;unmarked;subject;group' state='active'>This study</segment> examined whether 30 learners of Japanese in the United States who engaged in a semester-long video-based eTandem course made gains in global language comprehensibility, that is, ease of understanding (Derwing &amp; Munro, 2009), and what linguistic correlates contributed to these gains. <segment id='2' features='theme;unmarked;subject;group' state='active'>Speech excerpts from Week 2 and 8 of tandem interactions</segment> were retrieved and later assessed subjectively and objectively for global comprehensibility and its linguistic correlates (lexical appropriateness, lexical richness, speech rate, and morphological accuracy) in a pre/posttest sample design. <segment id='3' features='theme;unmarked;subject;group' state='active'>The results</segment> revealed that, although the group made significant gains in vocabulary and some gains in grammar, improvement in overall comprehensibility was subject to considerable individual variability. <segment id='4' features='theme;marked;adjunct' state='active'>According to a follow-up cluster analysis and discriminant analysis,</segment> increase in speech rate was the strongest predictor of those individuals who improved comprehensibility. <segment id='5' features='theme;unmarked;subject;group' state='active'>The findings</segment> suggest that telecollaborative interaction may promote the development of vocabulary and, to some extent, grammar, but that significant gains in comprehensibility come mostly from the fluency trait of speech rate and may require longer interactional intervention. <segment id='6' features='theme;unmarked;subject;group' state='active'>The findings</segment> have implications for the design of telecollaboration that supports second language learning.
    </body>
</document>