<?xml version='1.0' encoding='utf-8'?>
<document>
  <header>
    <textfile>MLJ/12332.txt</textfile>
    <lang>english</lang>
  </header>
    <body>
<segment id='1' features='theme;unmarked;subject;group' state='active'>The pairing of telecollaboration and focused instruction</segment> can lead to measurable gains in second language learners’ pragmatic competence (Belz &amp; Vyatkina, , ; Vyatkina &amp; Belz, ). <segment id='2' features='theme;unmarked;subject;group' state='active'>This article</segment> examines speech act production in telecollaborative exchange, focusing on the requesting behavior of American learners of German for professional purposes as they interacted with German-speaking professionals in Germany via synchronous Web conferences. <segment id='3' features='theme;marked;adjunct' state='active'>Drawing on quantitative and qualitative methods,</segment> the study investigated the effect of interaction with expert speakers and the implementation of focused instruction on learners’ pragmatic development. <segment id='4' features='theme;marked;dependent_clause' state='active'>Whereas quantitative analysis showed no change between experimental conditions,</segment> qualitative analysis of 4 learners’ request production over the course of 4 online discussions revealed idiosyncratic developmental pathways and the emergence of a common strategy for managing participation in oral synchronous computer-mediated communication. <segment id='5' features='theme;unmarked;subject;group' state='active'>The findings</segment> provide new insight regarding the nature of second language request production and confirm the utility of pragmatics instruction in telecollaboration. <segment id='6' features='theme;marked;adjunct' state='active'>At the same time</segment>, the study calls for more refined analytical tools when investigating language development in extended telecollaborative discourse.
    </body>
</document>