<?xml version='1.0' encoding='utf-8'?>
<document>
  <header>
    <textfile>MLJ/12335.txt</textfile>
    <lang>english</lang>
  </header>
    <body>
<segment id='1' features='theme;unmarked;subject;clause' state='active'>Ensuring internal validity in quantitative research</segment> requires, among other conditions, reliable instrumentation. <segment id='2' features='theme;interpersonal' state='active'>Unfortunately</segment>, <segment id='3' features='theme;textual' state='active'>however,</segment> <segment id='4' features='theme;unmarked;subject;group' state='active'>second language (L2) researchers</segment> often fail to report and even more often fail to interpret reliability estimates beyond generic benchmarks for acceptability. <segment id='5' features='theme;marked;adjunct' state='active'>As a means to guide interpretations of such estimates,</segment> this article meta-analyzes reliability coefficients (internal consistency, interrater, and intrarater) as reported in published L2 research. <segment id='6' features='theme;unmarked;subject;group' state='active'>We</segment> recorded 2,244 reliability estimates in 537 individual articles along with study (e.g., sample size) and instrument features (e.g., item formats) proposed to influence reliability. <segment id='7' features='theme;unmarked;subject;group' state='active'>We</segment> also coded for the indices employed (e.g., alpha, KR20). <segment id='8' features='theme;unmarked;subject;group' state='active'>The coefficients</segment> were then aggregated (i.e., meta-analyzed). <segment id='9' features='theme;unmarked;subject;group' state='active'>The three types of reliability</segment> varied, with internal consistency as the lowest: median = .82. <segment id='10' features='theme;unmarked;subject;group' state='active'>Interrater and intrarater estimates</segment> were substantially higher (.92 and .95, respectively). <segment id='11' features='theme;unmarked;subject;group' state='active'>Overall estimates</segment> were also found to vary according to study and instrument features such as proficiency (low = .79, intermediate = .84, advanced = .89) and target skill (e.g., writing = .88 vs. listening = .77). <segment id='12' features='theme;unmarked;subject;group' state='active'>We</segment> use our results to inform and encourage interpretations of reliability estimates relative to the larger field as well as to the substantive and methodological features particular to individual studies and subdomains.
    </body>
</document>