<?xml version='1.0' encoding='utf-8'?>
<document>
  <header>
    <textfile>MLJ/12339.txt</textfile>
    <lang>english</lang>
  </header>
    <body>
<segment id='1' features='theme;unmarked;subject;group' state='active'>This study</segment> aimed to validate a newly-developed instrument, The Writing Strategies for Self-Regulated Learning (SRL) Questionnaire, with respect to its multifaceted structure of SRL strategies in English as a foreign language (EFL) writing. <segment id='2' features='theme;unmarked;subject;group' state='active'>A total of 790 undergraduate students from 6 universities in Northeast China</segment> volunteered to be participants. <segment id='3' features='theme;unmarked;subject;group' state='active'>Confirmatory factor analyses (CFA) through structural equation modeling (SEM)</segment> were applied to evaluate 3 hypothesized models. <segment id='4' features='theme;unmarked;subject;group' state='active'>The results of the CFA</segment> validated a 9-factor correlated model of second language (L2) writing strategies for SRL with satisfactory psychometric characteristics. <segment id='5' features='theme;unmarked;subject;group' state='active'>Model comparisons</segment> confirmed a hierarchical, multidimensional structure of SRL as the best model, in which self-regulation, as a higher order construct, accounted for the correlations of the 9 lower-order writing strategies, pertaining to cognitive, metacognitive, social–behavioral, and motivational regulation aspects. <segment id='6' features='theme;unmarked;subject;group' state='active'>Multiple regression analysis</segment> revealed that 6 out of 9 SRL strategies had significant predictive effects on EFL writing proficiency. <segment id='7' features='theme;unmarked;subject;group' state='active'>The empirical evidence</segment> lends preliminary support to a transfer of SRL theory from educational psychology to the field of L2/EFL education, particularly L2/EFL writing. <segment id='8' features='theme;unmarked;subject;group' state='active'>Implications of these findings</segment> are discussed.
    </body>
</document>