<?xml version='1.0' encoding='utf-8'?>
<document>
  <header>
    <textfile>MLJ/12331.txt</textfile>
    <lang>english</lang>
  </header>
    <body>
<segment id='1' features='theme;unmarked;subject;group' state='active'>This study</segment> investigated whether second language (L2) speakers’ morphosyntactic pattern learning was predicted by their statistical learning and working memory abilities. <segment id='2' features='theme;marked;adjunct' state='active'>Across three experiments,</segment> Thai English as a Foreign Language (EFL) university students (N = 140) were exposed to either the transitive construction in Esperanto (e.g., tauro batas cevalon, “bull hits horse”) or the nonprototypical English double-object dative construction (e.g., John built the table a leg). <segment id='3' features='theme;unmarked;subject;group' state='active'>They</segment> also completed an aural test of statistical learning and a spoken backward digit-span test of working memory. <segment id='4' features='theme;marked;adjunct' state='active'>In Experiment 1</segment>, only statistical learning was predictive of Esperanto pattern learning. <segment id='5' features='theme;unmarked;subject;group' state='active'>Experiment 2</segment> targeted pattern learning of the English nonprototypical double-object dative construction. <segment id='6' features='theme;marked;dependent_clause' state='active'>Although working memory was associated with performance in the exposure phase,</segment> only statistical learning predicted test performance, as in Experiment 1. <segment id='7' features='theme;textual' state='active'>Finally,</segment> <segment id='8' features='theme;unmarked;subject;group' state='active'>Experiment 3</segment> served as a control condition in which participants were exposed to prototypical datives only during the exposure phase. <segment id='9' features='theme;unmarked;subject;group' state='active'>This experiment</segment> showed that neither statistical learning nor working memory were associated with exposure or test performance. <segment id='10' features='theme;unmarked;subject;group' state='active'>The findings</segment> are discussed in terms of the engagement of statistical learning and working memory during L2 pattern learning.
    </body>
</document>