<?xml version='1.0' encoding='utf-8'?>
<document>
  <header>
    <textfile>MLJ/12334.txt</textfile>
    <lang>english</lang>
  </header>
    <body>
<segment id='1' features='theme;unmarked;subject;group' state='active'>Peer tutoring</segment> is viewed as a valuable component of additional language learning due to the presence of a more knowledgeable interlocutor. <segment id='2' features='theme;textual' state='active'>Yet</segment> <segment id='3' features='theme;unmarked;subject;group' state='active'>researchers and language program directors alike</segment> often ignore the linguistic and cultural differences that peer tutors possess, instead categorizing them homogeneously as ‘experts’ or ‘native speakers.’ <segment id='4' features='theme;marked;adjunct' state='active'>In this article,</segment> I use a case study to closely examine how knowledge is negotiated in one peer tutoring cohort. <segment id='5' features='theme;marked;adjunct' state='active'>Grounding my analysis in ethnomethodological and linguistic anthropological notions of epistemics and expertise,</segment> I show how one peer tutor drew from various embodied, artifactual, and historical resources in order to negotiate lexical gaps and position herself as an expert in the target language. <segment id='6' features='theme;marked;adjunct' state='active'>At the same time,</segment> I demonstrate how essentialist ideologies help construct a language expert by highlighting the learners’ alignments to the tutor&apos;s epistemic stance as knower, even when faced with conflicting information. <segment id='7' features='theme;unmarked;subject;group' state='active'>These findings</segment> question the ways knowledge and expertise are traditionally perceived in peer tutoring and other additional language learning contexts, emphasize the need for training peer tutors in cooperative learning methods and articulating their knowledge with that from the classroom setting, and highlight the complex ideologies that surround the ‘right to know’ a target language.
    </body>
</document>