<?xml version='1.0' encoding='utf-8'?>
<document>
  <header>
    <textfile>MLJ/12333.txt</textfile>
    <lang>english</lang>
  </header>
    <body>
<segment id='1' features='theme;unmarked;subject;group' state='active'>An area of research that may shed light on the pressing problem of FL teacher attrition</segment> is emotion labor. <segment id='2' features='theme;unmarked;subject;group' state='active'>Emotion labor (or emotional labour), a construct stemming from research in the fields of communication and psychology and focusing mainly on service professionals,</segment> has recently been taken up in education literature. <segment id='3' features='theme;marked;dependent_clause' state='active'>Although student emotions in language acquisition have been examined,</segment> the field of applied linguistics has not yet tapped the explanatory potential of teacher emotions. <segment id='4' features='theme;unmarked;subject;group' state='active'>The current project</segment> explores the emotion work of 5 teachers in rural U.S. high school FL classrooms. <segment id='5' features='theme;unmarked;subject;group' state='active'>Thematic analysis of interviews with teachers of Spanish, French, and Latin</segment> yielded 5 key insights: perceived lack of community and institutional support for FL teachers, an excessive burden for motivation felt by these teachers, the use of teacher emotion labor to motivate their students, emotional burnout of the teachers, and perceived lack of teacher efficacy. <segment id='6' features='theme;unmarked;subject;group' state='active'>The last two,</segment> while not inevitable, seem to be mutually influencing, forming a downward spiral that can eventually impact the willingness or ability of some teachers to continue in their careers. <segment id='7' features='theme;unmarked;subject;group' state='active'>Implications of this study</segment> include recognition of the significance of teacher emotion labor in FL pedagogy and its potential role in teacher attrition.
    </body>
</document>