<?xml version='1.0' encoding='utf-8'?>
<document>
  <header>
    <textfile>MLJ/12343.txt</textfile>
    <lang>english</lang>
  </header>
    <body>
<segment id='1' features='theme;marked;adjunct' state='active'>Examining speech samples from 75 American university students learning 1 of 3 languages (Mandarin, Russian, and Spanish),</segment> this article reports on a study of second language (L2) learners’ oral fluency development and its relationship with their gains in holistic proficiency ratings during a semester abroad. <segment id='2' features='theme;marked;adjunct' state='active'>In study abroad research,</segment> there is a need for large-scale studies that systematically investigate learners’ L2 development (Kinginger, ; Rees &amp; Klapper, ). <segment id='3' features='theme;marked;adjunct' state='active'>To address this need,</segment> the project used a quantitative design involving learners of 3 languages from multiple cohorts and diverse sending and destination institutions. <segment id='4' features='theme;unmarked;subject;group' state='active'>Results from an analysis of 600 speech samples from 150 pretest and posttest Simulated Oral Proficiency Interviews (SOPIs)</segment> showed significant increases in speech rate as well as differences between the 3 language groups. <segment id='5' features='theme;unmarked;subject;group' state='active'>The study</segment> also investigated the relationship between holistic oral proficiency ratings and fine-tuned fluency measures and found some limited relationships between them. <segment id='6' features='theme;unmarked;subject;group' state='active'>These findings</segment> can provide methodological suggestions for researchers interested in L2 fluency development among study abroad students and implications for foreign language educators and policy makers to promote study abroad and language learning.
    </body>
</document>