<?xml version='1.0' encoding='utf-8'?>
<document>
  <header>
    <textfile>MLJ/12345.txt</textfile>
    <lang>english</lang>
  </header>
    <body>
<segment id='1' features='theme;unmarked;subject;group' state='active'>This study</segment> investigates the influence of the semantic heaviness of verbs (i.e., heavy or light verbs) and language proficiency on second language (L2) learners’ use of constructional information in a sentence-sorting task and a corpus analysis. <segment id='2' features='theme;unmarked;subject;group' state='active'>Previous studies employing a sentence-sorting task</segment> demonstrated that advanced L2 learners sorted English sentences according to argument structure constructions rather than lexical verbs. <segment id='3' features='theme;textual' state='active'>However,</segment> <segment id='4' features='theme;unmarked;subject;group' state='active'>these studies</segment> collapsed both heavy (e.g., cut, throw) and light (e.g., get, take) verbs into a single variable, blurring the effects of the semantic heaviness of the verbs. <segment id='5' features='theme;unmarked;subject;group' state='active'>The present study</segment> designed a sentence-sorting task involving heavy and light verbs as separate variables and administered it with advanced and intermediate adult learners of English (Experiment 1). <segment id='6' features='theme;unmarked;subject;group' state='active'>Results</segment> showed that while advanced learners showed construction-dominant sortings regardless of the heaviness of a verb, intermediate learners produced construction-based sortings only in the light verb condition. <segment id='7' features='theme;unmarked;subject;group' state='active'>A corpus analysis of learner essays (Experiment 2)</segment> revealed that intermediate learners relied on light verbs in producing constructions more strongly than advanced learners and native speakers. <segment id='8' features='theme;unmarked;subject;group' state='active'>These findings</segment> suggest that L2 proficiency modulates the degree to which the semantic heaviness of a verb affects learners’ use of constructional knowledge in sorting and producing English sentences.
    </body>
</document>