<?xml version='1.0' encoding='utf-8'?>
<document>
  <header>
    <textfile>MLJ/12341.txt</textfile>
    <lang>english</lang>
  </header>
    <body>
<segment id='1' features='theme;unmarked;subject;group' state='active'>This empirical study</segment> investigated the occurrence of meaning negotiation in an interactive synchronous computer-mediated second language (L2) environment. <segment id='2' features='theme;unmarked;subject;group' state='active'>Sixteen dyads (N = 32) consisting of nonnative speakers (NNSs) and native speakers (NSs) of English</segment> performed 2 different tasks using videoconferencing and written chat. <segment id='3' features='theme;unmarked;subject;group' state='active'>The data</segment> were coded and analyzed both for instances of negotiation of meaning and for instances where the NNSs did not initiate repair despite nonunderstanding. <segment id='4' features='theme;unmarked;subject;group' state='active'>Absences of negotiation of meaning</segment> are generally excluded from detailed analysis primarily because it is difficult to establish nonunderstanding unless the participant overtly indicates it. <segment id='5' features='theme;marked;adjunct' state='active'>In order to assess the effect of the nonoccurrence of negotiation of meaning on task performance and task completion,</segment> this study used 2 tasks: a culturally specific task that almost certainly would result in NNS nonunderstanding and a collaborative decision-making task that should trigger instances of negotiation of meaning. <segment id='6' features='theme;enhanced;comment' state='active'>It was found that,</segment> in both tasks, instead of initiating repair sequences, NNS participants frequently did not engage in negotiation of meaning despite nonunderstanding. <segment id='7' features='theme;unmarked;subject;group' state='active'>We</segment> conclude that disregarding nonoccurrence of negotiation of meaning in (digital) task-based language teaching may lead to misrepresenting task performance, task outcome, and task evaluation, and, beyond that, to disregarding evidence that has both empirical and theoretical consequences for the Interaction Hypothesis and, by implication, for second language acquisition.
    </body>
</document>