<?xml version='1.0' encoding='utf-8'?>
<document>
  <header>
    <textfile>MLJ/12347.txt</textfile>
    <lang>english</lang>
  </header>
    <body>
<segment id='1' features='theme;marked;adjunct' state='active'>In this article,</segment> we introduce a template of methodological considerations, termed “the dynamic ensemble,” for scholars doing or evaluating empirical second language development (SLD) research within a complexity/dynamic systems theory (CDST) framework. <segment id='2' features='theme;marked;dependent_clause' state='active'>Given that CDST principles have yielded significant insight into SLD and have become central to the concerns of applied linguists in many domains,</segment> we propose the need for a practical blueprint to ensure compatibility between its theoretical tenets and empirical SLD research designs. <segment id='3' features='theme;marked;adjunct' state='active'>Building on “complexity thought modeling” (Larsen–Freeman &amp; Cameron, ),</segment> we present a practical catalog of 9 considerations intended to inform research design at multiple stages. <segment id='4' features='theme;unmarked;subject;group' state='active'>We</segment> contextualize the 9 considerations of the dynamic ensemble by discussing how these have been framed and addressed within one previous CDST study. <segment id='5' features='theme;textual' state='active'>Finally</segment>, <segment id='6' features='theme;unmarked;subject;group' state='active'>we</segment> address the issue of what practical implementation of this dynamic ensemble would entail and introduce several case-based methods for building off of the considerations in our dynamic ensemble. <segment id='7' features='theme;unmarked;subject;group' state='active'>We</segment> hope that this user guide will help orient researchers interested in working within a complexity framework and spur continued methodological discussion in the field.
    </body>
</document>