<?xml version='1.0' encoding='utf-8'?>
<document>
  <header>
    <textfile>MLJ/12349.txt</textfile>
    <lang>english</lang>
  </header>
    <body>
<segment id='1' features='theme;unmarked;subject;group' state='active'>This study</segment> investigated the effects of intercultural competence and amount of social contact in the development of pragmatic knowledge. <segment id='2' features='theme;unmarked;subject;group' state='active'>All these variables</segment> were time-varying variables and measured twice over a 3-month study abroad. <segment id='3' features='theme;unmarked;subject;group' state='active'>Participants</segment> were 109 American college students studying Chinese in a semester study-abroad program in Beijing. <segment id='4' features='theme;marked;adjunct' state='active'>Using Kelley &amp; Meyers&apos;s (1995) instrument,</segment> intercultural competence—defined as one&apos;s potential to succeed in intercultural adjustment—was measured by 4 factors: emotional resilience, flexibility/openness, perceptual acuity, and personal autonomy. <segment id='5' features='theme;unmarked;subject;group' state='active'>A survey</segment> was used to assess the amount of time spent on a variety of social activities in Chinese. <segment id='6' features='theme;unmarked;subject;group' state='active'>Pragmatic knowledge</segment> was measured with a spoken task, which assessed participants’ ability to produce speech acts (k = 24). <segment id='7' features='theme;unmarked;subject;group' state='active'>Latent Growth Curve Modeling</segment> showed that cross-cultural adaptability and social contact, when combined, explained 26% of pragmatic gains. <segment id='8' features='theme;unmarked;subject;group' state='active'>Cross-cultural adaptability</segment> had no significant direct effect to speech acts gains: <segment id='9' features='theme;unmarked;subject;group' state='active'>It</segment> had indirect effects through social contact.
    </body>
</document>