<?xml version='1.0' encoding='utf-8'?>
<document>
  <header>
    <textfile>MLJ/12340.txt</textfile>
    <lang>english</lang>
  </header>
    <body>
<segment id='1' features='theme;unmarked;subject;group' state='active'>The research</segment> reported in this article explores the relationship between Dörnyei&apos;s (2005, 2009) Second Language Motivational Self System (L2MSS) and the L2 proficiency level of Saudi learners of English as a foreign language (EFL). <segment id='2' features='theme;unmarked;subject;group' state='active'>Male and female participants (N = 360)</segment> responded to a questionnaire relating to the main components of L2MSS, the ideal L2 self, the ought-to L2 self, and the L2 learning experience, as well as learners’ intended learning efforts. <segment id='3' features='theme;unmarked;subject;group' state='active'>The participants’ L2 proficiency</segment> was then measured with an EFL reading and writing test. <segment id='4' features='theme;unmarked;subject;group' state='active'>Descriptive and inferential analyses of the collected data</segment> revealed—as expected—that the components of the L2MSS were a good predictor of the learners’ intended learning efforts. <segment id='5' features='theme;textual' state='active'>However</segment>, <segment id='6' features='theme;unmarked;subject;group' state='active'>the study</segment> also established that in this learner population these components were not consistently correlated with L2 achievement. <segment id='7' features='theme;unmarked;subject;group' state='active'>The findings</segment> can be treated as evidence that self-reported motivation does not always have behavioral consequences.
    </body>
</document>