<?xml version='1.0' encoding='utf-8'?>
<document>
  <header>
    <textfile>MLJ/12348.txt</textfile>
    <lang>english</lang>
  </header>
    <body>
<segment id='1' features='theme;unmarked;subject;group' state='active'>This study</segment> examines the lived experiences of identity of 4 Chinese Heritage Language (CHL) students participating in a year-long study abroad program in China. <segment id='2' features='theme;marked;adjunct' state='active'>In a narrative inquiry,</segment> we draw on 2 mutually complementary theoretical frameworks—the Theory of Communities of Practice (Wenger, 1998) and Self-Categorization Theory (Turner et al., 1987)—to shed light on the individual trajectories of identity development, which cannot be fully unveiled by proficiency assessment. <segment id='3' features='theme;marked;adjunct' state='active'>By exploring the behavioral, socio-psychological, and discursive dimensions of CHL identity in the ancestral homeland, which is largely overlooked in CHL research,</segment> this study contributes to a more comprehensive theory of CHL development. <segment id='4' features='theme;unmarked;subject;group' state='active'>It</segment> also provides empirical grounding for meaningful intervention in study abroad programming and pre-departure preparation.
    </body>
</document>