<?xml version='1.0' encoding='utf-8'?>
<document>
  <header>
    <textfile>MLJ/12346.txt</textfile>
    <lang>english</lang>
  </header>
    <body>
<segment id='1' features='theme;unmarked;subject;group' state='active'>Elicited imitation</segment> requires listeners to listen and repeat sentences as accurately as possible. <segment id='2' features='theme;marked;adjunct' state='active'>In second language acquisition (SLA) research</segment> it has been used for a variety of purposes. <segment id='3' features='theme;marked;adjunct' state='active'>Recently</segment>, versions of the same elicited imitation test (EIT) have been created in 6 languages with the purpose of measuring second language proficiency (Ortega et al., ; Tracy–Ventura et al., 2014; Wu &amp; Ortega, ). <segment id='4' features='theme;unmarked;subject;group' state='active'>The validity of these EITs</segment> has been tested, <segment id='5' features='theme;textual' state='active'>and</segment> <segment id='6' features='theme;unmarked;subject;group' state='active'>results</segment> are promising. <segment id='7' features='theme;textual' state='active'>However,</segment> <segment id='8' features='theme;unmarked;subject;group' state='active'>questions</segment> remain regarding the extent to which EIT performance is mediated by learners’ memory span. <segment id='9' features='theme;unmarked;subject;group' state='active'>The current study</segment> validates a new Korean EIT following the Ortega et al. () design and, as part of that, investigates the potential role of phonological short-term memory in test performance. <segment id='10' features='theme;unmarked;subject;group' state='active'>Korean as a second language learners (N = 66)</segment> took the following tests over 2 days: the Korean EIT, the listening section of the standardized Test of Proficiency in Korean (TOPIK), a speaking test, and a forward digit span test in their first language. <segment id='11' features='theme;unmarked;subject;group' state='active'>Results</segment> indicated significant positive correlations between EIT scores and the various proficiency measures, but a weak and nonsignificant correlation between the EIT and forward digit span scores. <segment id='12' features='theme;marked;adjunct' state='active'>Together,</segment> these results provide support for this EIT as a valid and reliable proficiency measure for use in SLA research.
    </body>
</document>