<?xml version='1.0' encoding='utf-8'?>
<document>
  <header>
    <textfile>MLJ/12344.txt</textfile>
    <lang>english</lang>
  </header>
    <body>
<segment id='1' features='theme;unmarked;subject;group' state='active'>This study</segment> investigates relations between second language (L2) lexical input and output in terms of word information properties (i.e., lexical salience; Ellis, 2006a). <segment id='2' features='theme;unmarked;subject;group' state='active'>The data for this study</segment> come from a longitudinal corpus of naturalistic spoken data between L2 learners and first language (L1) interlocutors collected over a year&apos;s time. <segment id='3' features='theme;unmarked;subject;group' state='active'>The corpus</segment> was analyzed using word information properties related to concreteness, familiarity, and meaningfulness to examine word repetitions between input and output, correlations between the input and the output, linear trends over time, and whether lexical properties in the output were predictive of growth in TOEFL scores. <segment id='4' features='theme;unmarked;subject;group' state='active'>The results</segment> indicate that L2 learners are more likely to repeat word types found in L1 input and that L1 interlocutors and L2 learners follow similar linear trends over time such that words with lower concreteness, lower familiarity, and lower meaningfulness were produced over the course of the study in both the input and output. <segment id='5' features='theme;unmarked;subject;group' state='active'>A linear mixed model analysis</segment> showed that decreases in concreteness scores explained significant gains in TOEFL scores over time. <segment id='6' features='theme;unmarked;subject;group' state='active'>The findings from the study</segment> indicate strong associations between L2 input and output and provide evidence linking development in word information properties to development in academic English proficiency.
    </body>
</document>