<?xml version='1.0' encoding='utf-8'?>
<document>
  <header>
    <textfile>MLJ/12350.txt</textfile>
    <lang>english</lang>
  </header>
    <body>
<segment id='1' features='theme;unmarked;subject;group' state='active'>This study</segment> explores whether emphasizing the phonetic components of kanji, Chinese characters used in Japanese, facilitates second language (L2) learners’ novel character learning. <segment id='2' features='theme;unmarked;subject;group' state='active'>Previous L2 studies on Chinese characters</segment> indicate that phonology plays a major part in word identification. <segment id='3' features='theme;textual' state='active'>However,</segment> <segment id='4' features='theme;unmarked;subject;group' state='active'>this view</segment> remains controversial, because the role of phonetic radicals has not been closely examined. <segment id='5' features='theme;marked;adjunct' state='active'>In this study,</segment> 70 learners of Japanese, whose first language (L1) is alphabetic, were divided into 3 learning condition groups: pronunciation–hearing and read aloud, pronunciation–hearing, and no pronunciation–hearing. <segment id='6' features='theme;unmarked;subject;group' state='active'>All learners</segment> were repeatedly exposed to unfamiliar kanji, some of which included visually emphasized phonetic radicals to help the learners identify characters. <segment id='7' features='theme;unmarked;subject;group' state='active'>Learning</segment> was measured by the ability to select the target kanji from visually similar alternatives and to write their meanings in English. <segment id='8' features='theme;unmarked;subject;group' state='active'>The results</segment> revealed no significant difference in learning kanji, either in terms of meaning production or selection of the correct orthographic representation across groups. <segment id='9' features='theme;unmarked;subject;group' state='active'>The pronunciation–hearing group</segment> successfully related phonetic radicals with the sounds represented by the radical, but this skill did not contribute to better learning of novel kanji. <segment id='10' features='theme;unmarked;subject;group' state='active'>The results</segment> support the direct route view, suggesting that logography is learned by extracting meaning directly from orthography regardless of phonological mediation.
    </body>
</document>