<?xml version='1.0' encoding='utf-8'?>
<document>
  <header>
    <textfile>MLJ/12352.txt</textfile>
    <lang>english</lang>
  </header>
    <body>
<segment id='1' features='theme;unmarked;subject;group' state='active'>This article</segment> explores the implementation of dynamic assessment (DA) in an elementary school foreign language classroom by considering its theoretical basis and its applicability to second language (L2) teaching, learning, and development. <segment id='2' features='theme;marked;adjunct' state='active'>In existing applications of L2 classroom DA</segment>, errors serve as a window into learners’ instructional needs and provide opportunities for the teacher to mediate, prompting learners to reformulate their utterance. <segment id='3' features='theme;unmarked;subject;group' state='active'>The investigation presented here</segment> draws on data from a combination of classroom DA and small-group work in a unit focused on Spanish interrogatives. <segment id='4' features='theme;marked;adjunct' state='active'>Extending earlier studies (Davin, ; Davin &amp; Donato, ),</segment> it critically evaluates the extent to which the teacher&apos;s DA records, the heart of DA assessment, provide sufficiently robust evidence for central claims in DA for the dynamic link between assessment and teaching in order to advance learner development. <segment id='5' features='theme;unmarked;subject;group' state='active'>It</segment> does so by contextualizing the teacher&apos;s record with transcripts from small-group work that alternated with DA, and with a microgenetic analysis of two learners across both DA and small-group work. <segment id='6' features='theme;unmarked;subject;group' state='active'>It</segment> concludes that whole classroom applications of DA will require considerable expertise on the part of teachers that would have to become part of teacher education programs. <segment id='7' features='theme;interpersonal' state='active'>Equally importantly</segment>, <segment id='8' features='theme;unmarked;subject;group' state='active'>it</segment> will benefit from being anchored in an explicitly meaning-oriented theory of language.
    </body>
</document>