<?xml version='1.0' encoding='utf-8'?>
<document>
  <header>
    <textfile>MLJ/12351.txt</textfile>
    <lang>english</lang>
  </header>
    <body>
<segment id='1' features='theme;unmarked;subject;group' state='active'>This 4-year case study</segment> used a photo-elicitation approach to language learning history research in an individual case study of an Indonesian student&apos;s experiences of communities of practice while studying abroad in Japan. <segment id='2' features='theme;unmarked;subject;group' state='active'>The study</segment> showed how the student&apos;s opportunities for interaction in Japanese were at first limited by his peripheral participation in institutionally organized communities of practice that consisted of international students and local Japanese support staff. <segment id='3' features='theme;marked;adjunct' state='active'>Toward the end of his 4 years,</segment> however, the student succeeded in becoming a central participant in an informal self-organized community of practice that consisted mainly of local Japanese friends, who were more supportive of his interactions and language development. <segment id='4' features='theme;unmarked;subject;group' state='active'>The study</segment> also shows how earlier experiences of peripheral participation scaffolded the student&apos;s later experience as a central participant. <segment id='5' features='theme;unmarked;subject;group' state='active'>Photographs taken by the student over the 4 years</segment> were both a valuable source of data on the nature of his participation in communities and a stimulus to reflection that enriched the language learning history data.
    </body>
</document>