<?xml version='1.0' encoding='utf-8'?>
<document>
  <header>
    <textfile>MLJ/12367.txt</textfile>
    <lang>english</lang>
  </header>
    <body>
<segment id='1' features='theme;unmarked;subject;group' state='active'>This study</segment> investigated the cognitive (first language [L1] and foreign language [FL]), linguistic (L1 and FL), and motivational characteristics of weak FL readers in contrast to strong readers in 3 groups of L1 Finnish-speaking learners of English, aged 10, 14, and 17 years. <segment id='2' features='theme;unmarked;subject;group' state='active'>This cross-sectional study</segment> covered a wide range of potential correlates, and therefore predictors, of FL reading based on previous research on reading in first, second (L2), and foreign languages. <segment id='3' features='theme;unmarked;subject;group' state='active'>The weakest and strongest FL readers (1 standard deviation below or above the mean reading score) in each age group</segment> were selected for the comparisons reported in this article. <segment id='4' features='theme;unmarked;subject;group' state='active'>The FL (English) skills other than reading</segment> were found to be the clearest distinguishing feature between weak and strong FL readers. <segment id='5' features='theme;textual' state='active'>However,</segment> <segment id='6' features='theme;unmarked;subject;group' state='active'>L1 and cognitive skills in L1 and FL, as well as certain dimensions of motivation to use and learn the FL,</segment> were also found to separate the 2 reading groups. <segment id='7' features='theme;unmarked;subject;group' state='active'>The implications of the findings for 2 different hypotheses about the nature of FL reading—the Threshold Hypothesis and the Linguistic Coding Differences Hypothesis</segment>—are discussed, as well as the implications for the diagnosis of strengths and weaknesses in reading in an FL.
    </body>
</document>