<?xml version='1.0' encoding='utf-8'?>
<document>
  <header>
    <textfile>MLJ/12369.txt</textfile>
    <lang>english</lang>
  </header>
    <body>
<segment id='1' features='theme;unmarked;subject;group' state='active'>This article</segment> explores the identities of tutors working in one-to-one instructional arrangements, which entail a tutor and an adult English learner working together to meet the particular language learning needs and goals of the learner. <segment id='2' features='theme;unmarked;subject;group' state='active'>The tutors in this study</segment> are matched with their partners through an organization in New Zealand which aims to provide a community-based service that supports settlement for immigrants and refugees through English. <segment id='3' features='theme;unmarked;subject;group' state='active'>The findings</segment> are presented through an analysis of a series of ‘short stories,’ short excerpts of data extracted from a larger set of interviews with the tutors. <segment id='4' features='theme;unmarked;subject;group' state='active'>They</segment> are analyzed thematically for their content. <segment id='5' features='theme;marked;adjunct' state='active'>In making sense of the content,</segment> attention is necessarily paid to the narrators’ orientation within micro, meso, and macro spatial and temporal contexts; stories, Stories, and STORIES. <segment id='6' features='theme;textual' state='active'>Specifically</segment>, <segment id='7' features='theme;unmarked;subject;group' state='active'>the tutors’ identities</segment> are examined as social inclusion tutor identities; <segment id='8' features='theme;textual' state='active'>that is</segment>, <segment id='9' features='theme;unmarked;subject;group' state='active'>identity</segment> is conceptualized narratively as co-constructed and situated in the (short) stories they tell about their lived and imagined tutoring social inclusion experiences. <segment id='10' features='theme;marked;adjunct' state='active'>In the case of these tutors,</segment> their experiences include primarily and intimately the lives of their refugee and immigrant English learners.
    </body>
</document>