<?xml version='1.0' encoding='utf-8'?>
<document>
  <header>
    <textfile>MLJ/12366.txt</textfile>
    <lang>english</lang>
  </header>
    <body>
<segment id='1' features='theme;unmarked;subject;group' state='active'>Flipped or inverted classroom (IC) models</segment> are promising for foreign language instruction in that they appear to promote well-regarded practices that bridge both sociocultural and cognitive theoretical frameworks, such as allowing for higher degrees of learner agency and facilitating deeper levels of processing. <segment id='2' features='theme;marked;adjunct' state='active'>To date</segment>, the majority of work on IC models for language learning has been instructional rather than empirical in nature. <segment id='3' features='theme;textual' state='active'>By contrast,</segment> <segment id='4' features='theme;unmarked;subject;group' state='active'>this study</segment> examined the impact of IC lessons on 14 intact third-semester Spanish classes (N = 213). <segment id='5' features='theme;unmarked;subject;group' state='active'>Instructors</segment> were randomly assigned to either an IC or an in-class presentational (CP) condition for lessons and accompanying assignments on 2 uses of the Spanish pronoun se. <segment id='6' features='theme;unmarked;subject;group' state='active'>An attitudinal inventory</segment> indicated that learners in the IC condition rated their assignments significantly higher in terms of perceived comfort, enjoyment, and subsequent confidence in the material. <segment id='7' features='theme;textual' state='active'>However,</segment> <segment id='8' features='theme;unmarked;subject;group' state='active'>regression analysis</segment> showed that ratings were stratified based upon several predictor variables. <segment id='9' features='theme;marked;adjunct' state='active'>For measures of L2 knowledge,</segment> learners in the IC condition performed significantly better than those in the CP when identifying grammatical uses of the target structure on a grammaticality judgment test. <segment id='10' features='theme;unmarked;subject;group' state='active'>No significant differences</segment> were found between the groups’ performance on a rule description task or a chapter test. <segment id='11' features='theme;unmarked;subject;group' state='active'>Implications for implementing IC models</segment> are discussed.
    </body>
</document>