<?xml version='1.0' encoding='utf-8'?>
<document>
  <header>
    <textfile>MLJ/12371.txt</textfile>
    <lang>english</lang>
  </header>
    <body>
<segment id='1' features='theme;marked;adjunct' state='active'>In this article,</segment> we treat language teacher identity as foundational to educational practice and see Foucault&apos;s (, ) notion of ethical self-formation, and its adoption in teacher education research by Clarke (, , ), as providing a potential vehicle for understanding the development of teacher agency and critical identity work. <segment id='2' features='theme;unmarked;subject;group' state='active'>We</segment> use the 4 axes of Foucault&apos;s () approach to ethical self-formation, as captured in Clarke&apos;s () “Diagram for Doing Identity Work,” in exploring a case study of an elementary reading and language arts teacher who worked in a multilingual inclusion classroom with exceptional (i.e., learning disabled) and mainstreamed students. <segment id='3' features='theme;unmarked;subject;group' state='active'>We</segment> consider the relevance of how this teacher&apos;s identity developed over the course of 7 interviews, spanning 9 years, for teacher identity work in language teacher education (LTE). <segment id='4' features='theme;marked;adjunct' state='active'>In doing so</segment>, we foreground the critical as well as the dangerous potential of all teachers’ identity work and argue for the importance of nurturing teachers’ reflective, action-oriented identity practices as well as fostering a self-awareness of language teachers as ethical subjects “acting on others” (Foucault, , p. 262) even as they struggle within power relations that press upon educational practices and discourses.
    </body>
</document>