<?xml version='1.0' encoding='utf-8'?>
<document>
  <header>
    <textfile>MLJ/12372.txt</textfile>
    <lang>english</lang>
  </header>
    <body>
<segment id='1' features='theme;unmarked;subject;group' state='active'>This article</segment> explores the identities of a group of elementary teachers who participated in a professional development (PD) project on multilingual language learners.1 <segment id='2' features='theme;unmarked;subject;group' state='active'>We</segment> study how the participating teachers drew on different aspects of their identities to respond to encouragement to increase their attention to students’ diverse multilingual repertoires in classroom practices. <segment id='3' features='theme;marked;adjunct' state='active'>Drawing on research that has sought to open up more spaces for multilingualism in North American, English-medium schooling,</segment> the teachers were invited to create multilingual print environments (Lotherington, ), use group work to increase oral participation among multilingual learners, invite students to take on the role of ‘language teacher’ (Cary, ), and encourage students to author multilingual identity texts (Cummins &amp; Early, ). <segment id='4' features='theme;marked;dependent_clause' state='active'>As the teachers grappled with these ideas</segment>, we collected data in the form of classroom observation notes, interviews, assignments, and WebCT posts. <segment id='5' features='theme;marked;adjunct' state='active'>Using Gee&apos;s (2001) framework for identity</segment>, our analysis sheds light on how the teachers enacted their professional identities as they worked to put the PD concepts and recommendations into practice. <segment id='6' features='theme;unmarked;subject;group' state='active'>Our analysis</segment> reveals how the teachers’ own linguistic histories strongly shaped their views about multilingualism in schools, <segment id='8' features='theme;textual' state='active'>but</segment> <segment id='7' features='theme;unmarked;subject;group' state='active'>it</segment> also demonstrates that a formally sanctioned opportunity to experiment with multilingual pedagogies opened up new spaces for critical self-reflection about the links among languages, teachers’ identities, and academic engagement for multilingual learners.
    </body>
</document>