<?xml version='1.0' encoding='utf-8'?>
<document>
  <header>
    <textfile>MLJ/12374.txt</textfile>
    <lang>english</lang>
  </header>
    <body>
<segment id='1' features='theme;unmarked;subject;group' state='active'>The African Storybook (ASb)</segment> is a digital initiative that promotes multilingual literacy for African children by providing openly licenced children&apos;s stories in multiple African languages, as well as English, French, and Portuguese. <segment id='2' features='theme;marked;adjunct' state='active'>Based on Darvin and Norton&apos;s () model of identity and investment, and drawing on the Douglas Fir Group&apos;s () framework for second language acquisition,</segment> this study investigates Ugandan primary school teachers’ investment in the ASb, its impact on their teaching, and their changing identities. <segment id='3' features='theme;unmarked;subject;group' state='active'>The study</segment> was conducted in a rural Ugandan school from June to December 2014, <segment id='4' features='theme;textual' state='active'>and</segment> <segment id='5' features='theme;unmarked;subject;group' state='active'>the data</segment>, which focus on one key participant, Monica, were drawn from field notes, classroom observations, interview transcripts, and questionnaires, which were coded using retroductive coding. <segment id='6' features='theme;unmarked;subject;group' state='active'>The findings</segment> indicate that through the ASb initiative and its stories, Monica and other teachers began to imagine themselves as writers, readers, and teachers of stories, reframing what it means to be a reading teacher. <segment id='7' features='theme;unmarked;subject;group' state='active'>Teachers’ shifts of identity</segment> were indexical of their enhanced social and cultural capital as they engaged with the ASb, notwithstanding ideological constraints associated with mother tongue usage, assessment practices, and teacher supervision. <segment id='8' features='theme;unmarked;subject;group' state='active'>The authors</segment> conclude that the enhancement of language teacher identity has important implications for the promotion of multilingual literacy for young learners in African communities.
    </body>
</document>