<?xml version='1.0' encoding='utf-8'?>
<document>
  <header>
    <textfile>MLJ/12373.txt</textfile>
    <lang>english</lang>
  </header>
    <body>
<segment id='1' features='theme;unmarked;subject;group' state='active'>The article</segment> aims to expand the scope of research on international teaching assistants (ITAs) by foregrounding identities as pedagogical resources. <segment id='2' features='theme;marked;adjunct' state='active'>Employing an ethnographic multiple case study approach,</segment> the study examined the experiences of 2 English department ITAs in learning to teach College Composition classes at a public university in the United States. <segment id='3' features='theme;marked;adjunct' state='active'>Guided by Morgan&apos;s () “identity as pedagogy” and Canagarajah&apos;s () conceptualization of “translingualism,”</segment> the study found that the ITAs’ becoming of translingual teachers was constrained by their perceived linguistic membership and competence, which intersected with other identity categories such as accent, nationality, ethnicity, and religion. <segment id='4' features='theme;textual' state='active'>In addition</segment>, <segment id='5' features='theme;unmarked;subject;group' state='active'>they</segment> adopted different orientations to their multilingualism to manage the challenges of teaching diverse groups of students, and were able to deploy various identities as pedagogy. <segment id='8' features='theme;unmarked;subject;group' state='active'>The findings</segment> suggest that the ability to re-imagine oneself as a translingual and to draw on translingual identities to enact a translingual pedagogy should not be taken for granted: <segment id='6' features='theme;marked;adjunct' state='active'>Only when the ITAs become aware and critical of the link between identity and pedagogy</segment> can they utilize their translingual identity-as-pedagogy more fully in ways that benefit both the teacher and the diverse student body.
    </body>
</document>