<?xml version='1.0' encoding='utf-8'?>
<document>
  <header>
    <textfile>MLJ/12370.txt</textfile>
    <lang>english</lang>
  </header>
    <body>
<segment id='1' features='theme;unmarked;subject;group' state='active'>This article</segment> aims to broaden the scope of language teacher identity research by investigating the emotional demands on teachers-in-training and nonnative English-speaking teachers (NNESTs) in particular. <segment id='2' features='theme;unmarked;subject;group' state='active'>We</segment> examined how our focal NNEST participant, Puja, was confronted with and successfully negotiated numerous emotional challenges in her first year in a U.S. MATESOL program. <segment id='3' features='theme;textual' state='active'>Furthermore</segment>, <segment id='4' features='theme;unmarked;subject;group' state='active'>we</segment> investigated the impact emotions had on her overall teacher identity development and how her growth as an educator was evident in her use of strategies. <segment id='5' features='theme;marked;adjunct' state='active'>Following past research that viewed teacher emotions through a narrative lens (e.g., Barkhuizen, Benson, &amp; Chik, ; De Costa, )</segment>, we created Puja&apos;s ‘story’ by analyzing data sources that included interviews, teaching observations, journal entries, and stimulated verbal and written reports. <segment id='6' features='theme;unmarked;subject;group' state='active'>Our narrative construction</segment> focuses on the reflexive relationship between Puja&apos;s emotions and her subsequent identity development. <segment id='7' features='theme;marked;dependent_clause' state='active'>While we acknowledge that emotional tensions are part of teachers’ identity development (and potentially more so for NNESTs),</segment> Puja largely navigated emotional challenges in a positive manner. <segment id='8' features='theme;unmarked;subject;group' state='active'>The article</segment> concludes with a call for new pedagogical models that help teachers develop their reflexivity and negotiate potential emotion-related challenges they might encounter.
    </body>
</document>