<?xml version='1.0' encoding='utf-8'?>
<document>
  <header>
    <textfile>MLJ/12382.txt</textfile>
    <lang>english</lang>
  </header>
    <body>
<segment id='1' features='theme;unmarked;subject;group' state='active'>We</segment> take a multidimensional perspective on the development of second language (L2) speaking ability and examine how changes in the underlying cognitive variables of linguistic knowledge and processing speed interact with complexity, fluency, and accuracy over the course of a 3-month Spanish study abroad session. <segment id='2' features='theme;unmarked;subject;group' state='active'>Study abroad</segment> provides a unique learning context for evaluating changes in the underlying dimensions of L2 speaking because learners are fully immersed in the target language and have ample opportunity to implement, practice, and integrate newly gained skills. <segment id='4' features='theme;unmarked;subject;group' state='active'>Participants</segment> were 39 native English speakers acquiring Spanish in Argentina. <segment id='3' features='theme;unmarked;subject;group' state='active'>Results</segment> show that participants experienced significant gains across complexity, fluency, and accuracy. <segment id='5' features='theme;textual' state='active'>However</segment>, <segment id='6' features='theme;unmarked;subject;group' state='active'>these gains</segment> were not evenly distributed across all dimensions or across all learners. <segment id='7' features='theme;unmarked;subject;group' state='active'>Learners with higher levels of L2 linguistic knowledge and faster L2 processing speed prior to study abroad</segment> experienced greater gains in accuracy and syntactic and lexical complexity during study abroad.
    </body>
</document>