<?xml version='1.0' encoding='utf-8'?>
<document>
  <header>
    <textfile>MLJ/12387.txt</textfile>
    <lang>english</lang>
  </header>
    <body>
<segment id='1' features='theme;unmarked;subject;group' state='active'>This study</segment> investigated the effects of extensive versus intensive recasts. <segment id='2' features='theme;unmarked;subject;group' state='active'>The focus</segment> was on the effect of feedback on learning English articles, which, as nonsalient target structures, have been shown to be difficult for many second language learners. <segment id='3' features='theme;unmarked;subject;group' state='active'>Intensive recasts</segment> were operationalized as recasts provided on article errors only, <segment id='4' features='theme;textual' state='active'>while</segment> <segment id='5' features='theme;unmarked;subject;group' state='active'>extensive recasts</segment> were provided on any errors including article errors. <segment id='6' features='theme;unmarked;subject;group' state='active'>Forty-eight adult intermediate learners of English as a second language (ESL)</segment> were divided into 3 groups: an intensive recast group, an extensive recast group, and a control group. <segment id='7' features='theme;unmarked;subject;group' state='active'>Learners</segment> conducted 2 communicative tasks with a native-speaker instructor and received feedback on their errors. <segment id='8' features='theme;unmarked;subject;group' state='active'>They</segment> were pretested and posttested (immediately and after 2 weeks) using 3 different outcome measures: an oral picture description task, a written grammaticality judgment task, and a written storytelling task. <segment id='9' features='theme;unmarked;subject;group' state='active'>The results</segment> revealed that the extensive recast group significantly outperformed the control group on the oral picture description and the grammaticality judgment tasks, whereas the intensive recast group did not. <segment id='10' features='theme;marked;adjunct' state='active'>On the written storytelling task</segment>, both recast groups outperformed the control group, <segment id='11' features='theme;textual' state='active'>but</segment> <segment id='12' features='theme;unmarked;subject;group' state='active'>the difference</segment> was not statistically significant. <segment id='13' features='theme;unmarked;subject;group' state='active'>These findings</segment> point to the advantage of extensive recasts and challenge the assumption that recasts on single errors are necessarily more effective than recasts on a wide range of errors.
    </body>
</document>