<?xml version='1.0' encoding='utf-8'?>
<document>
  <header>
    <textfile>MLJ/12388.txt</textfile>
    <lang>english</lang>
  </header>
    <body>
<segment id='1' features='theme;unmarked;subject;group' state='active'>The constructs of teacher cognition and teacher identity</segment> have recently gained considerable attention in second language teacher education research for their crucial roles in understanding teacher learning. <segment id='2' features='theme;marked;dependent_clause' state='active'>While a number of current studies have examined the contributions of both constructs</segment>, the connections between cognition and identity are yet to be fully conceptualized. <segment id='3' features='theme;unmarked;subject;group' state='active'>This article</segment> addresses this gap by drawing on the notion of identification to examine the identity construction and cognition development of 15 student teachers in the context of a postgraduate course on pronunciation pedagogy. <segment id='4' features='theme;unmarked;subject;group' state='active'>Questionnaires, focus group interviews, observations, and semi-structured interviews</segment> were triangulated to obtain an in-depth understanding of the complex relations between identity formation and cognition growth. <segment id='5' features='theme;unmarked;subject;group' state='active'>Findings</segment> revealed that identity construction—manifested through imagination of self and others, engagement and investment in the course, and alignment with course content—not only had a profound impact on participants’ cognition development, but that these two constructs were intertwined in a complex and reciprocal relationship, fostering the process of student teachers’ learning to teach pronunciation.
    </body>
</document>