<?xml version='1.0' encoding='utf-8'?>
<document>
  <header>
    <textfile>MLJ/12383.txt</textfile>
    <lang>english</lang>
  </header>
    <body>
<segment id='1' features='theme;unmarked;subject;group' state='active'>The study</segment> examines the connection between domain-specific learning opportunities in English as a foreign language (EFL) teacher preparation and preservice EFL teachers’ pedagogical content knowledge (PCK). <segment id='2' features='theme;marked;adjunct' state='active'>Using a sample of 444 preservice EFL teachers for secondary schools,</segment> it contrasts groups at the end of the 2 phases required in German teacher preparation programs: a theoretical phase at university and a supervised professional internship at a school (practical phase). <segment id='3' features='theme;textual' state='active'>Specifically,</segment> <segment id='4' features='theme;unmarked;subject;group' state='active'>it</segment> examines differences in learning opportunities (self-reports) and PCK (paper-and-pencil test results). <segment id='5' features='theme;unmarked;subject;group' state='active'>Findings from regression analysis</segment> show that learning opportunity measures substantially predict PCK test scores. <segment id='6' features='theme;unmarked;subject;group' state='active'>The article</segment> discusses the effectiveness of EFL teacher preparation programs for preservice teachers’ performance on PCK and concludes with possible interpretations and research suggestions.
    </body>
</document>