<?xml version='1.0' encoding='utf-8'?>
<document>
  <header>
    <textfile>MLJ/12384.txt</textfile>
    <lang>english</lang>
  </header>
    <body>
<segment id='1' features='theme;marked;adjunct' state='active'>In this study,</segment> we explored how major theoretical principles and concepts in the mediation strategies of Vygotsky&apos;s sociocultural theory are realized in an Arabic−Hebrew preschool in Israel. <segment id='2' features='theme;unmarked;subject;group' state='active'>The aim of this study</segment> was to examine how teachers encourage children to use their second language (L2) during teacher−child conversations. <segment id='3' features='theme;textual' state='active'>In particular</segment>, <segment id='10' features='theme;marked;dependent_clause' state='active'>as a response to relatively low motivation for L2 (Arabic) use,</segment> the teachers’ mediation was intended to encourage children to use Arabic.<segment id='4' features='theme;unmarked;subject;group' state='active'>The study participants</segment> were one Hebrew model teacher, one Arabic model teacher, and children using either Hebrew or Arabic as their first language (L1). <segment id='5' features='theme;unmarked;subject;group' state='active'>We</segment> applied a thematic analysis as the methodological framework. <segment id='6' features='theme;unmarked;subject;group' state='active'>Data</segment> were collected during one academic year, including video recordings of the teacher−child conversations, and were analyzed quantitatively and qualitatively. <segment id='7' features='theme;unmarked;subject;group' state='active'>The following content categories</segment> were extracted: explicit request for use of the L2, managing the children&apos;s demand for direct translation, the teacher as a model for the L2 learner, and contributions from language experts. <segment id='8' features='theme;unmarked;subject;group' state='active'>The observation</segment> showed that the teachers applied diverse mediation strategies, such as scaffolding, identification of the child&apos;s zone of proximal development, and modeling. <segment id='9' features='theme;unmarked;subject;group' state='active'>Avoidance of direct translation</segment> was intended to activate children&apos;s zone of proximal development and to boost their involvement in L2 learning.
    </body>
</document>