<?xml version='1.0' encoding='utf-8'?>
<document>
  <header>
    <textfile>MLJ/12386.txt</textfile>
    <lang>english</lang>
  </header>
    <body>
<segment id='1' features='theme;unmarked;subject;group' state='active'>Graphics</segment> are often mistaken for a mere frill in the methodological arsenal of data analysis when in fact they can be one of the simplest and at the same time most powerful methods of communicating statistical information (Tufte, ). <segment id='2' features='theme;unmarked;subject;group' state='active'>The first section of the article</segment> argues for the statistical necessity of graphs, echoing and amplifying similar calls from Hudson () and Larson–Hall &amp; Plonsky (2015). <segment id='3' features='theme;unmarked;subject;group' state='active'>The second section</segment> presents a historical survey of graphical use over the entire history of language acquisition journals, representing 192 years of journal publishing. <segment id='4' features='theme;unmarked;subject;group' state='active'>This</segment> shows that a consensus for using certain types of graphics, which lack data credibility, has developed in the applied linguistics field, namely the bar plot and the line graph. <segment id='5' features='theme;unmarked;subject;group' state='active'>The final section of the article</segment> is devoted to presenting various types of graphic alternatives to these two consensus graphics. <segment id='6' features='theme;unmarked;subject;group' state='active'>Suggested graphics</segment> are data accountable and present all of the data, as well as a summary structure; such graphics include the scatterplot, beeswarm, or pirate plot. <segment id='7' features='theme;unmarked;subject;group' state='active'>Such graphics</segment> attract readers, help researchers improve the way they understand and analyze their data, and build credibility in numerical statistical analyses and the conclusions that are drawn.
    </body>
</document>