<?xml version='1.0' encoding='utf-8'?>
<document>
  <header>
    <textfile>MLJ/12380.txt</textfile>
    <lang>english</lang>
  </header>
    <body>
<segment id='1' features='theme;unmarked;subject;group' state='active'>Some people</segment> ascribe successful language learning to an innate aptitude that cannot be further developed, at least after a certain young age (i.e., an entity mindset), <segment id='2' features='theme;textual' state='active'>while</segment> <segment id='3' features='theme;unmarked;subject;group' state='active'>other people</segment> believe that language learning ability can be improved (i.e., an incremental mindset). <segment id='4' features='theme;unmarked;subject;group' state='active'>The purpose of this research</segment> is to (a) introduce the Language Mindsets Inventory (LMI), and (b) test the mindsets–goals–responses model, which maintains that learners’ mindsets predict the goals that they set for language learning, and that these goals in turn affect how they respond to difficult academic and communication episodes. <segment id='5' features='theme;unmarked;subject;group' state='active'>Correlational and factor analyses</segment> provided evidence of the LMI&apos;s valid and reliable use in research with university-level language students. <segment id='6' features='theme;unmarked;subject;group' state='active'>Path analyses</segment> showed that regardless of their competence level, greater endorsement of an incremental mindset was associated with the goal of learning more about the language, and this learning goal in turn predicted greater mastery and less helpless responses in failure situations. <segment id='7' features='theme;unmarked;subject;group' state='active'>Greater endorsement of an entity mindset</segment> predicted the goal of demonstrating competence (i.e., performance approach goals) when students believed that they had stronger language skills. <segment id='8' features='theme;unmarked;subject;group' state='active'>The use of the LMI in future research and the importance of supporting incremental mindsets for language education</segment> are discussed.
    </body>
</document>