<?xml version='1.0' encoding='utf-8'?>
<document>
  <header>
    <textfile>MLJ/12385.txt</textfile>
    <lang>english</lang>
  </header>
    <body>
<segment id='1' features='theme;unmarked;subject;group' state='active'>Oral Proficiency Interviews (OPIs)</segment> are widely used to measure speaking ability in a second or foreign language. <segment id='2' features='theme;unmarked;subject;group' state='active'>The Michigan English Language Assessment Battery (MELAB) Speaking Test</segment> is an OPI used for academic and professional purposes around the world. <segment id='3' features='theme;textual' state='active'>However</segment>, <segment id='4' features='theme;unmarked;subject;group' state='active'>little research on this or other OPIs</segment> has quantitatively compared test takers’ speech with the target domains of the test. <segment id='5' features='theme;unmarked;subject;group' state='active'>Such a comparison</segment> could be used as evidence for the validity argument (Kane, ) for the MELAB. <segment id='6' features='theme;marked;adjunct' state='active'>In this study</segment> we use corpus-based register analysis and Multi-Dimensional (MD) analysis, investigating a large number of linguistic features to determine the extent to which the language of the MELAB is similar to conversational, academic, and professional spoken discourse, specifically nurse–patient interactions, since many of the test takers are preparing for nursing licensure. <segment id='7' features='theme;unmarked;subject;group' state='active'>The results</segment> show that the MELAB has similarities with conversation in its use of stance, and is closely aligned with academic registers and nurse–patient interactions in the use of language for informational exchange, which provides support for the validity argument of the MELAB. <segment id='8' features='theme;textual' state='active'>However</segment>, <segment id='9' features='theme;unmarked;subject;group' state='active'>the use of narrative features and discussion of future possibilities and suggestions</segment> are important aspects of both conversation and academic and professional registers but may be harder to evaluate through the MELAB and other similar OPIs.
    </body>
</document>