<?xml version='1.0' encoding='utf-8'?>
<document>
  <header>
    <textfile>MLJ/12381.txt</textfile>
    <lang>english</lang>
  </header>
    <body>
<segment id='1' features='theme;unmarked;subject;group' state='active'>This study</segment> explores the effects of various motivational variables operating within 44 English classes on 1-year-long gains in the English reading proficiency of 1,149 Japanese university students. <segment id='2' features='theme;unmarked;subject;group' state='active'>The study</segment> adds new knowledge to the recent outcomes of second language (L2) motivational studies in 3 major ways. <segment id='3' features='theme;textual' state='active'>First,</segment> <segment id='4' features='theme;unmarked;subject;group' state='active'>the explanatory variables</segment> include the participants’ own motivation as well as the class norms (ethos) shared by class members, some of which (e.g., career aspirations) were not directly related to their L2 learning. <segment id='5' features='theme;textual' state='active'>Second,</segment> <segment id='6' features='theme;unmarked;subject;group' state='active'>multi-level modeling</segment> enabled a simultaneous analysis of L2 proficiency growth over 1 year at both the individual and the class levels. <segment id='7' features='theme;textual' state='active'>Third,</segment> <segment id='8' features='theme;unmarked;subject;group' state='active'>its explanatory sequential mixed methods design (Cresswell, )</segment> demonstrated how the participants’ own accounts help to explain the initial quantitative results in ways the researchers’ outsider speculations could not. <segment id='9' features='theme;unmarked;subject;group' state='active'>The statistical results</segment> indicate that the 44 classes grew in L2 reading abilities at significantly different rates over the year and that these differences can be explained by the students’ perceptions of their classmates’ normative career aspirations (among other predictors). <segment id='10' features='theme;unmarked;subject;group' state='active'>These results</segment> suggest that being surrounded by classmates with high career aspirations may lead to higher motivation to study the L2 even if students are not highly motivated in the beginning.
    </body>
</document>