<?xml version='1.0' encoding='utf-8'?>
<document>
  <header>
    <textfile>MLJ/12389.txt</textfile>
    <lang>english</lang>
  </header>
    <body>
<segment id='1' features='theme;unmarked;subject;group' state='active'>The present study</segment> explores the independent and interactive effects of task complexity and task modality on linguistic dimensions of second language (L2) performance and investigates how these effects are modulated by individual differences in working memory capacity. <segment id='2' features='theme;unmarked;subject;group' state='active'>Thirty-two intermediate learners of L2 Spanish</segment> completed less and more complex versions of the same type of argumentative task in the speaking and writing modalities. <segment id='3' features='theme;unmarked;subject;group' state='active'>Perceived complexity questionnaires</segment> were administered as measures of cognitive load to both L2 learners and native speakers to independently validate task complexity manipulations. <segment id='4' features='theme;unmarked;subject;group' state='active'>Task performance</segment> was analyzed in terms of general (complexity and accuracy) as well as task-relevant (conjunctions) linguistic measures. <segment id='5' features='theme;unmarked;subject;group' state='active'>Quantitative analyses</segment> revealed that task modality played a larger role than task complexity in inducing improved linguistic performance during task-based work: <segment id='6' features='theme;unmarked;subject;group' state='active'>Speaking tasks</segment> brought about more syntactically complex output <segment id='7' features='theme;textual' state='active'>while</segment> <segment id='8' features='theme;unmarked;subject;group' state='active'>writing tasks</segment> favored more lexically complex and more accurate language. <segment id='9' features='theme;textual' state='active'>In addition</segment>, <segment id='10' features='theme;unmarked;subject;group' state='active'>relationships of working memory capacity with various linguistic measures</segment> were attested, but only when the cognitive complexity of tasks was enhanced.
    </body>
</document>