<?xml version='1.0' encoding='utf-8'?>
<document>
  <header>
    <textfile>MLJ/12392.txt</textfile>
    <lang>english</lang>
  </header>
    <body>
<segment id='1' features='theme;unmarked;subject;group' state='active'>This study</segment> examined the similarities and differences in the functioning of component processes underlying first language (L1) and second language (L2) word reading in Chinese. <segment id='2' features='theme;unmarked;subject;group' state='active'>Fourth-grade Chinese children in Singapore</segment> were divided into L1 and L2 reader groups based on whether they used Mandarin or English as their home language. <segment id='3' features='theme;unmarked;subject;group' state='active'>Both groups</segment> were administered a battery of tasks that assessed their orthographic processing skill (OP), phonological awareness (PA), morphological awareness (MA), oral vocabulary knowledge, as well as the ability to decode characters and multi-character compound words. <segment id='4' features='theme;unmarked;subject;group' state='active'>Separate Structural Equation Modeling (SEM)</segment> analyses showed that in the L1 group, over and above all other variables, both OP and MA, as opposed to PA, were significant predictors of word reading, whereas in the L2 group, OP and PA, as opposed to MA, predicted word reading. <segment id='5' features='theme;unmarked;subject;group' state='active'>Multiple-group SEM analysis</segment> further revealed that the effects of OP and MA were significantly larger in the L1 than in the L2 group, whereas a converse pattern was found for PA. <segment id='6' features='theme;unmarked;subject;group' state='active'>These findings</segment> are discussed in light of the linguistic and language-to-print mapping properties of Chinese as well as the influence of L1 and L2 learners’ differential experience on how they learn to read in Chinese.
    </body>
</document>