<?xml version='1.0' encoding='utf-8'?>
<document>
  <header>
    <textfile>MLJ/12396.txt</textfile>
    <lang>english</lang>
  </header>
    <body>
<segment id='1' features='theme;unmarked;subject;group' state='active'>Syntactic and linguistic complexity</segment> have been studied extensively in applied linguistics as indicators of linguistic performance, development, and proficiency. <segment id='2' features='theme;unmarked;subject;group' state='active'>Recent publications</segment> have equally highlighted the reductionist approach taken to syntactic complexity measurement, which often focuses on one or two measures representing complexity at the level of clause-linking or the sentence, but eschews complexity measurement at other syntactic levels, such as the phrase or the clause. <segment id='3' features='theme;unmarked;subject;group' state='active'>Previous approaches</segment> have also rarely incorporated measures representing the diversity of syntactic structures in learner productions. <segment id='4' features='theme;textual' state='active'>Finally</segment>, <segment id='5' features='theme;unmarked;subject;group' state='active'>complexity development</segment> has rarely been considered from a cross-linguistic perspective, so that many questions pertaining to the cross-linguistic validity of complexity measurement remain. <segment id='6' features='theme;unmarked;subject;group' state='active'>This article</segment> reports on an empirical study on syntactic complexity development and introduces a range of syntactic diversity measures alongside frequently used measures of syntactic elaboration. <segment id='7' features='theme;unmarked;subject;group' state='active'>The study</segment> analyzed 100 English and 100 French second language oral narratives from adolescent native speakers of Dutch, situated at 4 proficiency levels (beginner–advanced), as well as native speaker benchmark data from each language. <segment id='8' features='theme;unmarked;subject;group' state='active'>The results</segment> reveal a gradual process of syntactic elaboration and syntactic diversification in both learner groups, <segment id='9' features='theme;textual' state='active'>while,</segment> <segment id='10' features='theme;marked;adjunct' state='active'>especially in French</segment>, considerable differences between learners and native speakers reside in the distribution of specific clause types.
    </body>
</document>