<?xml version='1.0' encoding='utf-8'?>
<document>
  <header>
    <textfile>MLJ/12397.txt</textfile>
    <lang>english</lang>
  </header>
    <body>
<segment id='1' features='theme;unmarked;subject;group' state='active'>This study</segment> investigates the role of prosodic cues and explicit information (EI) in the acquisition of German accusative case markers. <segment id='2' features='theme;unmarked;subject;group' state='active'>We</segment> compared 4 groups of 3rd-semester learners (low intermediate level) who completed 1 of 4 Processing Instruction (PI) treatments that manipulated the presence or absence of EI and focused prosody. <segment id='3' features='theme;unmarked;subject;group' state='active'>The results</segment> showed that, when training included EI or prosodic cues, the groups improved on comprehension and production tasks in an immediate posttest. <segment id='4' features='theme;marked;adjunct' state='active'>Four weeks after training</segment>, the groups sustained gains on the comprehension task, but not on the production task. <segment id='5' features='theme;unmarked;subject;group' state='active'>Participants who did not receive EI or prosody</segment> only showed improvement on the comprehension task in the immediate posttest and did not sustain these gains. <segment id='6' features='theme;unmarked;subject;group' state='active'>These findings</segment> replicate previous findings on the role of EI in PI, showing an advantage for EI with the target form (e.g., Henry, Culman, &amp; VanPatten, 2009). <segment id='7' features='theme;textual' state='active'>Moreover</segment>, <segment id='8' features='theme;unmarked;subject;group' state='active'>the results</segment> suggest that prosodic cues help learners process morphosyntactic forms, and that they can enhance grammar instruction.
    </body>
</document>