<?xml version='1.0' encoding='utf-8'?>
<document>
  <header>
    <textfile>MLJ/12395.txt</textfile>
    <lang>english</lang>
  </header>
    <body>
<segment id='1' features='theme;unmarked;subject;group' state='active'>This study</segment> investigated second language fluency development over a nearly 2-year period which included an academic year abroad and the year immediately following the participants&apos; return to their home university. <segment id='2' features='theme;unmarked;subject;group' state='active'>Data from 24 L1 English learners of Spanish</segment> were collected 6 times: once before, 3 times during, and 2 times after a 9-month stay abroad. <segment id='3' features='theme;unmarked;subject;group' state='active'>Participants</segment> were recorded orally retelling a picture-based narrative, and data were coded for 9 measures of utterance fluency. <segment id='4' features='theme;unmarked;subject;group' state='active'>Results</segment> indicated different developmental trends: <segment id='5' features='theme;unmarked;subject;group' state='active'>Gains in speed fluency</segment> appeared quickly and were maintained after the return from study abroad, <segment id='6' features='theme;textual' state='active'>whereas</segment> <segment id='7' features='theme;unmarked;subject;group' state='active'>gains in breakdown fluency</segment> often took longer and were more sensitive to attrition after returning home. <segment id='8' features='theme;enhanced;existential' state='active'>There</segment> were no changes over time in repair fluency. <segment id='9' features='theme;unmarked;subject;group' state='active'>These results</segment> appear to indicate that some fluency improvements are more robust and less likely to be affected by the change in context (study abroad vs. home country). <segment id='10' features='theme;unmarked;subject;group' state='active'>The findings</segment> fill a gap in our understanding of the relationship between oral fluency development and second language speech production processes, and have implications for study abroad researchers as well as post-study abroad instruction.
    </body>
</document>