<?xml version='1.0' encoding='utf-8'?>
<document>
  <header>
    <textfile>MLJ/12408.txt</textfile>
    <lang>english</lang>
  </header>
    <body>
<segment id='1' features='theme;unmarked;subject;group' state='active'>The theoretical paradigms of second language (L2) learning motivation developed over the past 25 years</segment> have been largely based on the study of English as a target language, which raises the question as to whether they are equally applicable to the understanding of the motivation to learn languages other than English (LOTEs). <segment id='2' features='theme;enhanced;comment' state='active'>It is suggested</segment> in this article that current conceptualizations of L2 motivation display certain subtle characteristics that may not do full justice to the understanding of the motivation underlying LOTEs, either by downplaying certain important features or by providing an insufficiently nuanced representation of areas where the motivation to learn English and LOTEs diverges. <segment id='3' features='theme;unmarked;subject;group' state='active'>The discussion</segment> addresses five such aspects: (a) the confounding interaction of English- and LOTE-related self-images, (b) the individualistic focus of the ideal L2 self, (c) the different nature/role of the ought-to self associated with languages with substantial versus marginal social support, (d) the different nature of goals in the learning of English and LOTEs, and (e) the differing role of unconscious motives in the study of English and LOTEs.
    </body>
</document>