<?xml version='1.0' encoding='utf-8'?>
<document>
  <header>
    <textfile>MLJ/12400.txt</textfile>
    <lang>english</lang>
  </header>
    <body>
<segment id='1' features='theme;unmarked;subject;group' state='active'>This study</segment> draws on conceptual and methodological insights afforded within a dynamic systems perspective to explore shifting interrelationships between cognitive capacity and motivational resources in instructed adult second language (L2) learners of Spanish at increasing proficiency. <segment id='2' features='theme;unmarked;subject;group' state='active'>Relationships that emerged</segment> showed both stability and fluctuation over a semester of instruction and varied by learners&apos; stage of development. <segment id='3' features='theme;unmarked;subject;group' state='active'>Findings</segment> support previous calls to improve upon mainstream approaches to conceptualizing and investigating learner individual differences (IDs) by adopting a holistic, non modular view of the L2 developmental system in general and learner IDs in particular (e.g., Dörnyei, , ; Dörnyei &amp; Ryan, ; Larsen–Freeman, , , ). <segment id='4' features='theme;marked;adjunct' state='active'>To further align with DST principles</segment> (see Hiver &amp; Al-Hoorie, ), future studies should endeavor to carry out longitudinal case studies with multiple data points in order to reveal intra-individual complexity in the group-level patterns seen here.
    </body>
</document>