<?xml version='1.0' encoding='utf-8'?>
<document>
  <header>
    <textfile>MLJ/12409.txt</textfile>
    <lang>english</lang>
  </header>
    <body>
<segment id='1' features='theme;marked;adjunct' state='active'>With the L2 Motivational Self System (L2MSS) as a framework,</segment> this study is an investigation of the relationships among motivation, language choice, and multilingualism using data from 195 undergraduate learners of languages other than English (LOTEs) in the context of the United States. <segment id='2' features='theme;unmarked;subject;group' state='active'>Motivation</segment> is operationalized by the three aspects of self (ideal, ought-to, and anti-ought-to). <segment id='3' features='theme;unmarked;subject;group' state='active'>Multilingualism</segment> is operationalized in two ways: previous language experience and Perceived Positive Language Interaction (PPLI), the latter being an emic perspective of multilingualism for which learners can only be considered to be multilingual if they can articulate positive interactions between foreign languages studied. <segment id='4' features='theme;unmarked;subject;group' state='active'>A variety of analyses</segment> were used to answer questions relating to motivational group differences and language choice, the potential predictive nature of motivation in terms of language choice, group differences of motivational profiles between bi- and multilingual students for both operationalizations of multilingualism, and the person-specific versus language-specific nature of the three aspects of self. <segment id='5' features='theme;marked;adjunct' state='active'>As most of the work on language learning motivation has been done with English language learners</segment> (ELLs), the results of this study with these LOTE learners are contextualized in terms of previous results with ELLs.
    </body>
</document>