<?xml version='1.0' encoding='utf-8'?>
<document>
  <header>
    <textfile>MLJ/12407.txt</textfile>
    <lang>english</lang>
  </header>
    <body>
<segment id='1' features='theme;unmarked;subject;group' state='active'>This special issue</segment> takes a critical look at a largely uncharted area of language learning motivation: the motivation to learn languages other than English (LOTEs) in an era of globalization and multilingualism. <segment id='2' features='theme;unmarked;subject;group' state='active'>Most 21st-century literature on motivation in second language acquisition</segment> has focused on the learning of English, whose dominant status as a global language has significantly shaped current conceptualizations of second language motivation in relation to notions of self and identity. <segment id='3' features='theme;marked;adjunct' state='active'>In an effort to redress this balance,</segment> the articles in this special issue critically examine two key questions: (a) <segment id='4' features='theme;unmarked;wh-;wh-adjunct' state='active'>How far</segment> are current theoretical perspectives adequate to account for motivation to learn LOTEs? <segment id='5' features='theme;textual' state='active'>and</segment> (b) <segment id='6' features='theme;unmarked;wh-;wh-complement' state='active'>What impact</segment> does global English have on motivation to learn other second or foreign languages in a globalized yet multicultural and multilingual world? <segment id='7' features='theme;marked;adjunct' state='active'>In examining these core questions across a range of sociopolitical and educational settings</segment>, this issue brings together broader sociological as well as individual–psychological perspectives on motivation to learn LOTEs.
    </body>
</document>