<?xml version='1.0' encoding='utf-8'?>
<document>
  <header>
    <textfile>MLJ/12412.txt</textfile>
    <lang>english</lang>
  </header>
    <body>
<segment id='1' features='theme;marked;adjunct' state='active'>By tradition</segment>, L2 motivation research has a monolingual bias – the motivational systems of a learner&apos;s different languages conceptualized as separate entities rather than as cognitively interconnected. <segment id='2' features='theme;marked;adjunct' state='active'>At a time when multilingualism has become a new world order (Douglas Fir Group, ) and where there is evidence of powerful identity experiences connected to speaking several languages (Pavlenko, )</segment> this is unfortunate. <segment id='3' features='theme;marked;adjunct' state='active'>In alignment with the multilingual and dynamic turns in SLA (de Bot, ; May, ), and adopting a complexity thought modeling approach (Larsen–Freeman &amp; Cameron, ),</segment> this article explores multilingual learners’ L2 motivation. <segment id='4' features='theme;enhanced;comment' state='active'>It is suggested</segment> that the motivational systems of a multilingual learner&apos;s different languages can be understood as constituting a higher-level multilingual motivational self system that is part of an ecology of interconnected and interpenetrating systems. <segment id='5' features='theme;unmarked;subject;group' state='active'>This system</segment> contains multilingual self guides, one of which is the ideal multilingual self. <segment id='6' features='theme;marked;adjunct' state='active'>Drawing on construal-level theory</segment> (Trope &amp; Liberman, ), the manner and effects of mental representations of an ideal multilingual self are assessed. <segment id='7' features='theme;textual' state='active'>Finally</segment>, <segment id='8' features='theme;enhanced;comment' state='active'>it is suggested</segment> that motivation deriving from a broader identity that encompasses but, in important ways, transcends a multilingual person&apos;s language-specific identities has a central role to play in multilingual education.
    </body>
</document>