<?xml version='1.0' encoding='utf-8'?>
<document>
  <header>
    <textfile>MLJ/12410.txt</textfile>
    <lang>english</lang>
  </header>
    <body>
<segment id='1' features='theme;unmarked;subject;group' state='active'>Britain&apos;s already poor record for language learning</segment> might be exacerbated by the Global English phenomenon, in that utilitarian reasons for learning languages other than English are increasingly undermined (Lanvers, 2014; Lo Bianco, 2014). <segment id='2' features='theme;unmarked;subject;group' state='active'>This article</segment> offers a state-of-the-art review of UK research on second language (L2) learning motivation and attitude. <segment id='3' features='theme;unmarked;subject;group' state='active'>The introduction</segment> is dedicated to a review of language education policy and numerical evidence on the decline in language learning. <segment id='4' features='theme;unmarked;subject;group' state='active'>Part I</segment> reviews UK motivational literature under the headings Primary school; Secondary school; University and beyond; Teachers, parents, milieu. <segment id='5' features='theme;unmarked;subject;group' state='active'>The evaluation of the literature</segment> reveals some striking lacunae, as well as a misfit between common explanations of the UK&apos;s language learning crisis and the social divide between those who choose to learn languages and those who do not. <segment id='6' features='theme;unmarked;subject;group' state='active'>A motivation-in-context understanding of UK language learning</segment> needs to account for the many contradictory Other influences impacting on learner motivation. <segment id='7' features='theme;textual' state='active'>Therefore,</segment> <segment id='8' features='theme;unmarked;subject;group' state='active'>Part II</segment> presents a new motivational model, based on Higgins&apos;s Self-Discrepancy Theory, a model which includes multifaceted Others as well as Own selves, including that of resistance/rebellion against Others.
    </body>
</document>