<?xml version='1.0' encoding='utf-8'?>
<document>
  <header>
    <textfile>MLJ/12417.txt</textfile>
    <lang>english</lang>
  </header>
    <body>
<segment id='1' features='theme;unmarked;subject;group' state='active'>The present research</segment> examines the role of music and dance in motivating Gaelic language learning on Cape Breton Island (Canada). <segment id='2' features='theme;unmarked;subject;group' state='active'>The Gaelic language</segment>, once thriving in this context, has declined in use but flourishes in both music and dance. <segment id='3' features='theme;unmarked;subject;group' state='active'>This article</segment> presents the results of in-depth interviews (60–90 minutes) with 10 accomplished adult musicians and dancers who described in rich detail connections between traditional music and the Gaelic language. <segment id='4' features='theme;unmarked;subject;group' state='active'>The interview texts</segment> were analyzed using Leximancer 4.0, text-mining software that performs an automatic analysis by deriving, in a grounded fashion, the key concepts in a text. <segment id='5' features='theme;unmarked;subject;group' state='active'>Semantic and relational co-occurrence information</segment> was extracted using artificial intelligence, producing a map of interrelations among concepts. <segment id='6' features='theme;unmarked;subject;group' state='active'>Three interrelated concepts</segment> are introduced to describe community-level motivational processes evident in the interviews: Rooted second language (L2) self, heritage passions, and heritage convictions. <segment id='7' features='theme;unmarked;subject;group' state='active'>The rooted L2 self</segment> is defined by connections to place and speakers of the language; <segment id='8' features='theme;unmarked;subject;group' state='active'>heritage passions</segment> reflect the development of emotional bonds, core values, and strengths; <segment id='10' features='theme;textual' state='active'>and</segment> <segment id='9' features='theme;unmarked;subject;group' state='active'>heritage convictions</segment> capture deep-seated beliefs, attitudes, and mindsets. <segment id='11' features='theme;unmarked;subject;group' state='active'>Elements of both Gardner&apos;s notion of integrative motivation and Dörnyei&apos;s L2 self system</segment> are evident and are considered within Ushioda&apos;s (2009) person-in-context relational model, emphasizing the connections among learners and contexts.
    </body>
</document>