<?xml version='1.0' encoding='utf-8'?>
<document>
  <header>
    <textfile>MLJ/12414.txt</textfile>
    <lang>english</lang>
  </header>
    <body>
<segment id='1' features='theme;marked;adjunct' state='active'>In Spain,</segment> more than 40 % of the population lives in officially bilingual regions in which the minority language is used as a means of instruction at school and university. <segment id='2' features='theme;textual' state='active'>In addition</segment>, <segment id='3' features='theme;unmarked;subject;group' state='active'>the increasing importance attached to learning English</segment> has led to the proliferation of multilingual school programs in which different languages are used to teach content. <segment id='4' features='theme;marked;adjunct' state='active'>With this background in mind</segment>, this article analyzes students’ motivation to learn Spanish, minority languages (Basque, Catalan, or Galician), and English (as the predominant foreign language). <segment id='5' features='theme;marked;dependent_clause' state='active'>Because the percentage of immigrant students has steadily increased in the last 2 decades</segment>, special attention will also be paid to how they react to the multilingualism they have to face in the education system. <segment id='6' features='theme;unmarked;subject;group' state='active'>The review of the literature</segment> will critically discuss the impact of global English on motivation to learn the other languages in contact and will examine the adequacy of current research approaches with a view to developing an agenda for needed research.
    </body>
</document>