<?xml version='1.0' encoding='utf-8'?>
<document>
  <header>
    <textfile>MLJ/12413.txt</textfile>
    <lang>english</lang>
  </header>
    <body>
<segment id='1' features='theme;marked;adjunct' state='active'>In 2006</segment>, Graddol predicted that numbers of ‘English as a foreign language’ learners would begin to decline through the second decade of this century, as global English achieves basic skill status for children entering education in more societies across the world. <segment id='2' features='theme;marked;dependent_clause' state='active'>As he further noted</segment>, having skills in additional languages may thus offer a competitive edge in a global job market where English skills have become commonplace, and where monolingual and even bilingual English speakers may lose out to multilingual competitors. <segment id='3' features='theme;marked;adjunct' state='active'>As yet,</segment> however, the extent to which the spread of global English may motivate individuals to diversify their language skills beyond English seems limited. <segment id='4' features='theme;textual' state='active'>Rather</segment>, <segment id='5' features='theme;unmarked;subject;group' state='active'>both empirical evidence and commonly held perceptions</segment> would seem to endorse the view that global English tends to impact negatively on motivation to learn other languages, despite the growing linguistic and cultural diversity of today&apos;s societies. <segment id='6' features='theme;unmarked;subject;group' state='active'>This article</segment> critically analyses this impact on motivation from two perspectives. <segment id='7' features='theme;textual' state='active'>First</segment>, <segment id='8' features='theme;marked;adjunct' state='active'>from a macro-sociological perspective</segment>, it explores the tensions among language globalization, multiculturalism, and multilingualism in today&apos;s changing social world and examines the mixed messages communicated for language education in general and for language learners in particular. <segment id='9' features='theme;marked;adjunct' state='active'>In so doing</segment>, it considers the socially distributed nature of motivation at the level of societal multilingualism and educational policy and practice, and the impact of the social on the individual. <segment id='10' features='theme;textual' state='active'>Second</segment>, <segment id='11' features='theme;marked;adjunct' state='active'>from a theoretical perspective</segment>, the article considers whether the impact of global English on motivation to learn other languages might be more positively construed by shifting away from SLA frames of reference (concerned with progression toward proficiency in a particular language) in favour of a ‘linguistic multi-competence’ framework, defined by Cook (2016) as the overall system of a mind or community that uses more than one language. <segment id='12' features='theme;marked;dependent_clause' state='active'>As the article concludes</segment>, an important pedagogical implication would be a focus on multilingual (rather than L2) speakers as the normative model of communication and instruction, and the associated promotion of ideal multilingual selves.
    </body>
</document>