<?xml version='1.0' encoding='utf-8'?>
<document>
  <header>
    <textfile>MLJ/12416.txt</textfile>
    <lang>english</lang>
  </header>
    <body>
<segment id='1' features='theme;unmarked;subject;group' state='active'>The majority of recent research on language learning motivation</segment> has reportedly focused on English as a target language, typically in relatively homogeneous, secondary and postsecondary ‘foreign language’ settings. <segment id='2' features='theme;unmarked;wh-;wh-adjunct' state='active'>How applicable</segment>, then, are the theories and findings undergirding that research to our understanding of the contemporary challenges and processes involved in the learning of languages other than English (LOTEs) – whether by non-Anglophones choosing additional or alternative languages, or for Anglophones choosing to learn a different language? <segment id='3' features='theme;textual' state='active'>And</segment> <segment id='4' features='theme;unmarked;wh-;wh-adjunct' state='active'>how</segment> is motivation theory itself evolving in light of the emerging role of English as a global language and a greater emphasis on sociopolitical, sociocultural, economic, and ideological aspects of language learning in diverse contexts, on the one hand, and a concomitant de-emphasis of deficit-oriented notions of learners’ shortcomings or traits in acquiring or using another language, on the other? <segment id='5' features='theme;unmarked;wh-;wh-subject' state='active'>What research methods</segment> are being used? <segment id='6' features='theme;textual' state='active'>Finally</segment>, <segment id='7' features='theme;unmarked;wh-;wh-adjunct' state='active'>how</segment> is current motivation research taking into account multilingual experiences (i.e., involving three or more languages), rather than just the learning of one additional (foreign) language? <segment id='8' features='theme;marked;adjunct' state='active'>In this commentary piece</segment>, I address questions such as these by drawing on insights from the nine articles and other related sources and also offer some of my own perspectives drawing from research on Chinese and other languages.
    </body>
</document>