<?xml version='1.0' encoding='utf-8'?>
<document>
  <header>
    <textfile>MLJ/12411.txt</textfile>
    <lang>english</lang>
  </header>
    <body>
<segment id='1' features='theme;unmarked;subject;group' state='active'>The study</segment> focuses on the role of different theories when considered together in a foreign language other than English (LOTE) context. <segment id='2' features='theme;textual' state='active'>Specifically</segment>, <segment id='3' features='theme;unmarked;subject;group' state='active'>the study</segment> examines (a) to what extent influential second language (L2) motivational theories, when integrated, explain motivation to learn LOTEs, and (b) how the powerful status of English in Japan affects learners’ self- and identity-related motivation to learn LOTEs. <segment id='4' features='theme;unmarked;subject;group' state='active'>Survey responses of 250 Japanese learners</segment>, who simultaneously learned a foreign LOTE and English as a required language, were analyzed using a structural equation modeling (SEM) approach. <segment id='5' features='theme;unmarked;subject;group' state='active'>The results</segment> offer insight into how various coexisting social factors are connected to learners’ multiple self- and identity-related orientations, which in turn predict several varied academic consequences (e.g., effort, attitude, and L2 ability). <segment id='6' features='theme;unmarked;subject;group' state='active'>We</segment> also confirmed positive and negative interplay of English- and LOTE-related orientations such that the self- and identity-related orientations of the languages will play a competing role (e.g., Csizér &amp; Lukács, 2010). <segment id='7' features='theme;unmarked;subject;group' state='active'>This finding</segment> highlights the importance of taking sociopolitical perspectives into consideration in a context where learners learn two languages and one has a specific political presence.
    </body>
</document>