<?xml version='1.0' encoding='utf-8'?>
<document>
  <header>
    <textfile>MLJ/12415.txt</textfile>
    <lang>english</lang>
  </header>
    <body>
<segment id='1' features='theme;unmarked;subject;group' state='active'>This article</segment> explores adolescent students’ attitudes toward learning English and other European languages studied at secondary school. <segment id='2' features='theme;unmarked;subject;group' state='active'>The study</segment> is based on 2255 qualitative responses to a survey conducted in Bulgaria, Germany, the Netherlands, and Spain. <segment id='3' features='theme;unmarked;subject;group' state='active'>The data</segment> reveal that, although differences between countries shape the experience of foreign language learning in different ways, students in all four countries are highly aware of the global status of English. <segment id='4' features='theme;unmarked;subject;group' state='active'>This</segment> can be a positive stimulus for students’ attitudes toward English but it can also negatively affect their attitudes toward learning other languages, as these can be perceived as less valuable. <segment id='6' features='theme;marked;dependent_clause' state='active'>While perceived societal importance can differ from personal relevance and while identity issues, ability beliefs, contextual factors on the school and classroom level, as well as social-relational contexts (especially the relationship to the teacher) also play a role in shaping students’ attitudes,</segment> the data demonstrate that macro-contextual factors exert considerable influence. <segment id='5' features='theme;unmarked;subject;group' state='active'>They</segment> also suggest that more attention must be paid to stimulating positive attitudes toward language diversity and to fostering plurilingual aspirations in young Europeans.
    </body>
</document>