<?xml version='1.0' encoding='utf-8'?>
<document>
  <header>
    <textfile>MLJ/12307.txt</textfile>
    <lang>english</lang>
  </header>
    <segments>
      <segment id='1' start='0' end='27' features='theme;unmarked;subject;group' state='active'/>
      <segment id='2' start='223' end='241' features='theme;unmarked;subject;group' state='active'/>
      <segment id='3' start='401' end='407' features='theme;textual' state='active'/>
      <segment id='4' start='408' end='491' features='theme;enhanced;preposed_attributive' state='active'/>
      <segment id='5' start='666' end='681' features='theme;marked;adjunct' state='active'/>
      <segment id='6' start='849' end='850' features='theme;unmarked;subject;group' state='active'/>
      <segment id='8' start='923' end='926' features='theme;textual' state='active'/>
      <segment id='7' start='927' end='928' features='theme;unmarked;subject;group' state='active'/>
      <segment id='9' start='960' end='973' features='theme;textual' state='active'/>
      <segment id='10' start='975' end='976' features='theme;unmarked;subject;group' state='active'/>
      <segment id='11' start='1236' end='1237' features='theme;unmarked;subject;group' state='active'/>
      <segment id='13' start='1398' end='1401' features='theme;textual' state='active'/>
      <segment id='12' start='1402' end='1403' features='theme;unmarked;subject;group' state='active'/>
    </segments>
</document>