<?xml version='1.0' encoding='utf-8'?>
<document>
  <header>
    <textfile>MLJ/12370.txt</textfile>
    <lang>english</lang>
  </header>
    <segments>
      <segment id='1' start='0' end='12' features='theme;unmarked;subject;group' state='active'/>
      <segment id='2' start='204' end='206' features='theme;unmarked;subject;group' state='active'/>
      <segment id='3' start='378' end='389' features='theme;textual' state='active'/>
      <segment id='4' start='391' end='393' features='theme;unmarked;subject;group' state='active'/>
      <segment id='5' start='547' end='673' features='theme;marked;adjunct' state='active'/>
      <segment id='6' start='836' end='862' features='theme;unmarked;subject;group' state='active'/>
      <segment id='7' start='966' end='1091' features='theme;marked;dependent_clause' state='active'/>
      <segment id='8' start='1158' end='1169' features='theme;unmarked;subject;group' state='active'/>
    </segments>
</document>