<?xml version='1.0' encoding='utf-8'?>
<document>
  <header>
    <textfile>MLJ/12331.txt</textfile>
    <lang>english</lang>
  </header>
    <segments>
      <segment id='1' start='0' end='10' features='theme;unmarked;subject;group' state='active'/>
      <segment id='2' start='170' end='195' features='theme;marked;adjunct' state='active'/>
      <segment id='3' start='479' end='483' features='theme;unmarked;subject;group' state='active'/>
      <segment id='4' start='594' end='609' features='theme;marked;adjunct' state='active'/>
      <segment id='5' start='683' end='695' features='theme;unmarked;subject;group' state='active'/>
      <segment id='6' start='788' end='866' features='theme;marked;dependent_clause' state='active'/>
      <segment id='7' start='941' end='949' features='theme;textual' state='active'/>
      <segment id='8' start='950' end='962' features='theme;unmarked;subject;group' state='active'/>
      <segment id='9' start='1084' end='1099' features='theme;unmarked;subject;group' state='active'/>
      <segment id='10' start='1211' end='1223' features='theme;unmarked;subject;group' state='active'/>
    </segments>
</document>