<?xml version='1.0' encoding='utf-8'?>
<document>
  <header>
    <textfile>MLJ/12333.txt</textfile>
    <lang>english</lang>
  </header>
    <segments>
      <segment id='1' start='0' end='87' features='theme;unmarked;subject;group' state='active'/>
      <segment id='2' start='106' end='269' features='theme;unmarked;subject;group' state='active'/>
      <segment id='3' start='322' end='391' features='theme;marked;dependent_clause' state='active'/>
      <segment id='4' start='491' end='510' features='theme;unmarked;subject;group' state='active'/>
      <segment id='5' start='592' end='667' features='theme;unmarked;subject;group' state='active'/>
      <segment id='6' start='958' end='971' features='theme;unmarked;subject;group' state='active'/>
      <segment id='7' start='1154' end='1180' features='theme;unmarked;subject;group' state='active'/>
    </segments>
</document>