<?xml version='1.0' encoding='utf-8'?>
<document>
  <header>
    <textfile>MLJ/12351.txt</textfile>
    <lang>english</lang>
  </header>
    <segments>
      <segment id='1' start='0' end='22' features='theme;unmarked;subject;group' state='active'/>
      <segment id='2' start='221' end='230' features='theme;unmarked;subject;group' state='active'/>
      <segment id='3' start='480' end='510' features='theme;marked;adjunct' state='active'/>
      <segment id='4' start='748' end='757' features='theme;unmarked;subject;group' state='active'/>
      <segment id='5' start='889' end='938' features='theme;unmarked;subject;group' state='active'/>
    </segments>
</document>