<?xml version='1.0' encoding='utf-8'?>
<document>
  <header>
    <textfile>MLJ/12411.txt</textfile>
    <lang>english</lang>
  </header>
    <segments>
      <segment id='1' start='0' end='9' features='theme;unmarked;subject;group' state='active'/>
      <segment id='2' start='134' end='146' features='theme;textual' state='active'/>
      <segment id='3' start='148' end='157' features='theme;unmarked;subject;group' state='active'/>
      <segment id='4' start='418' end='459' features='theme;unmarked;subject;group' state='active'/>
      <segment id='5' start='606' end='617' features='theme;unmarked;subject;group' state='active'/>
      <segment id='6' start='853' end='855' features='theme;unmarked;subject;group' state='active'/>
      <segment id='7' start='1074' end='1086' features='theme;unmarked;subject;group' state='active'/>
    </segments>
</document>