<?xml version='1.0' encoding='utf-8'?>
<document>
  <header>
    <textfile>MLJ/12388.txt</textfile>
    <lang>english</lang>
  </header>
    <segments>
      <segment id='1' start='0' end='56' features='theme;unmarked;subject;group' state='active'/>
      <segment id='2' start='206' end='290' features='theme;marked;dependent_clause' state='active'/>
      <segment id='3' start='375' end='387' features='theme;unmarked;subject;group' state='active'/>
      <segment id='4' start='603' end='687' features='theme;unmarked;subject;group' state='active'/>
      <segment id='5' start='816' end='824' features='theme;unmarked;subject;group' state='active'/>
    </segments>
</document>