<?xml version='1.0' encoding='utf-8'?>
<document>
  <header>
    <textfile>MLJ/12332.txt</textfile>
    <lang>english</lang>
  </header>
    <segments>
      <segment id='1' start='0' end='56' features='theme;unmarked;subject;group' state='active'/>
      <segment id='2' start='178' end='190' features='theme;unmarked;subject;group' state='active'/>
      <segment id='3' start='444' end='492' features='theme;marked;adjunct' state='active'/>
      <segment id='4' start='645' end='724' features='theme;marked;dependent_clause' state='active'/>
      <segment id='5' start='985' end='997' features='theme;unmarked;subject;group' state='active'/>
      <segment id='6' start='1149' end='1165' features='theme;marked;adjunct' state='active'/>
    </segments>
</document>