<?xml version='1.0' encoding='utf-8'?>
<document>
  <header>
    <textfile>MLJ/12371.txt</textfile>
    <lang>english</lang>
  </header>
    <segments>
      <segment id='1' start='0' end='16' features='theme;marked;adjunct' state='active'/>
      <segment id='2' start='328' end='330' features='theme;unmarked;subject;group' state='active'/>
      <segment id='3' start='657' end='659' features='theme;unmarked;subject;group' state='active'/>
      <segment id='4' start='838' end='849' features='theme;marked;adjunct' state='active'/>
    </segments>
</document>