<?xml version='1.0' encoding='utf-8'?>
<document>
  <header>
    <textfile>MLJ/12414.txt</textfile>
    <lang>english</lang>
  </header>
    <segments>
      <segment id='1' start='0' end='9' features='theme;marked;adjunct' state='active'/>
      <segment id='2' start='172' end='183' features='theme;textual' state='active'/>
      <segment id='3' start='185' end='239' features='theme;unmarked;subject;group' state='active'/>
      <segment id='4' start='357' end='385' features='theme;marked;adjunct' state='active'/>
      <segment id='5' start='550' end='639' features='theme;marked;dependent_clause' state='active'/>
      <segment id='6' start='761' end='789' features='theme;unmarked;subject;group' state='active'/>
    </segments>
</document>