<?xml version='1.0' encoding='utf-8'?>
<document>
  <header>
    <textfile>MLJ/12317.txt</textfile>
    <lang>english</lang>
  </header>
    <segments>
      <segment id='1' start='0' end='10' features='theme;unmarked;subject;group' state='active'/>
      <segment id='2' start='127' end='139' features='theme;textual' state='active'/>
      <segment id='3' start='141' end='143' features='theme;unmarked;subject;group' state='active'/>
      <segment id='4' start='272' end='284' features='theme;unmarked;subject;group' state='active'/>
      <segment id='5' start='358' end='456' features='theme;unmarked;subject;group' state='active'/>
      <segment id='6' start='502' end='527' features='theme;unmarked;subject;group' state='active'/>
      <segment id='7' start='587' end='600' features='theme;unmarked;subject;group' state='active'/>
      <segment id='8' start='675' end='680' features='theme;textual' state='active'/>
      <segment id='9' start='681' end='697' features='theme;unmarked;subject;group' state='active'/>
      <segment id='10' start='733' end='745' features='theme;unmarked;subject;group' state='active'/>
      <segment id='11' start='795' end='815' features='theme;unmarked;subject;group' state='active'/>
      <segment id='12' start='862' end='896' features='theme;unmarked;subject;group' state='active'/>
      <segment id='13' start='1009' end='1020' features='theme;unmarked;subject;group' state='active'/>
      <segment id='14' start='1153' end='1170' features='theme;textual' state='active'/>
      <segment id='15' start='1171' end='1201' features='theme;unmarked;subject;group' state='active'/>
    </segments>
</document>