<?xml version='1.0' encoding='utf-8'?>
<document>
  <header>
    <textfile>MLJ/12320.txt</textfile>
    <lang>english</lang>
  </header>
    <segments>
      <segment id='1' start='0' end='12' features='theme;unmarked;subject;group' state='active'/>
      <segment id='2' start='116' end='120' features='theme;unmarked;subject;group' state='active'/>
      <segment id='3' start='311' end='417' features='theme;marked;dependent_clause' state='active'/>
      <segment id='4' start='508' end='518' features='theme;unmarked;subject;group' state='active'/>
      <segment id='5' start='756' end='758' features='theme;unmarked;subject;group' state='active'/>
      <segment id='6' start='934' end='948' features='theme;unmarked;subject;group' state='active'/>
    </segments>
</document>