<?xml version='1.0' encoding='utf-8'?>
<document>
  <header>
    <textfile>MLJ/12314.txt</textfile>
    <lang>english</lang>
  </header>
    <segments>
      <segment id='1' start='0' end='92' features='theme;marked;dependent_clause' state='active'/>
      <segment id='2' start='150' end='212' features='theme;unmarked;subject;clause' state='active'/>
      <segment id='3' start='489' end='499' features='theme;unmarked;subject;group' state='active'/>
      <segment id='4' start='676' end='691' features='theme;unmarked;subject;group' state='active'/>
      <segment id='5' start='783' end='790' features='theme;unmarked;subject;group' state='active'/>
      <segment id='6' start='893' end='934' features='theme;unmarked;subject;group' state='active'/>
      <segment id='7' start='1021' end='1024' features='theme;textual' state='active'/>
      <segment id='8' start='1025' end='1043' features='theme;unmarked;subject;group' state='active'/>
      <segment id='9' start='1177' end='1183' features='theme;unmarked;subject;group' state='active'/>
      <segment id='10' start='1273' end='1288' features='theme;unmarked;subject;group' state='active'/>
    </segments>
</document>