<?xml version='1.0' encoding='utf-8'?>
<document>
  <header>
    <textfile>MLJ/12397.txt</textfile>
    <lang>english</lang>
  </header>
    <segments>
      <segment id='1' start='0' end='10' features='theme;unmarked;subject;group' state='active'/>
      <segment id='2' start='134' end='136' features='theme;unmarked;subject;group' state='active'/>
      <segment id='3' start='333' end='344' features='theme;unmarked;subject;group' state='active'/>
      <segment id='4' start='486' end='511' features='theme;marked;adjunct' state='active'/>
      <segment id='5' start='599' end='645' features='theme;unmarked;subject;group' state='active'/>
      <segment id='6' start='755' end='769' features='theme;unmarked;subject;group' state='active'/>
      <segment id='7' start='914' end='922' features='theme;textual' state='active'/>
      <segment id='8' start='924' end='935' features='theme;unmarked;subject;group' state='active'/>
    </segments>
</document>