<?xml version='1.0' encoding='utf-8'?>
<document>
  <header>
    <textfile>MLJ/12372.txt</textfile>
    <lang>english</lang>
  </header>
    <segments>
      <segment id='1' start='0' end='12' features='theme;unmarked;subject;group' state='active'/>
      <segment id='2' start='167' end='169' features='theme;unmarked;subject;group' state='active'/>
      <segment id='3' start='379' end='502' features='theme;marked;adjunct' state='active'/>
      <segment id='4' start='814' end='855' features='theme;marked;dependent_clause' state='active'/>
      <segment id='5' start='961' end='1002' features='theme;marked;adjunct' state='active'/>
      <segment id='6' start='1160' end='1172' features='theme;unmarked;subject;group' state='active'/>
      <segment id='8' start='1286' end='1289' features='theme;textual' state='active'/>
      <segment id='7' start='1290' end='1292' features='theme;unmarked;subject;group' state='active'/>
    </segments>
</document>