<?xml version='1.0' encoding='utf-8'?>
<document>
  <header>
    <textfile>MLJ/12330.txt</textfile>
    <lang>english</lang>
  </header>
    <segments>
      <segment id='1' start='0' end='17' features='theme;enhanced;comment' state='active'/>
      <segment id='2' start='324' end='334' features='theme;unmarked;subject;group' state='active'/>
      <segment id='3' start='537' end='539' features='theme;unmarked;subject;group' state='active'/>
      <segment id='4' start='815' end='868' features='theme;unmarked;subject;group' state='active'/>
      <segment id='5' start='912' end='1051' features='theme;marked;dependent_clause' state='active'/>
      <segment id='6' start='1114' end='1196' features='theme;unmarked;subject;group' state='active'/>
    </segments>
</document>