<?xml version='1.0' encoding='utf-8'?>
<document>
  <header>
    <textfile>MLJ/12328.txt</textfile>
    <lang>english</lang>
  </header>
    <segments>
      <segment id='1' start='0' end='10' features='theme;unmarked;subject;group' state='active'/>
      <segment id='2' start='131' end='171' features='theme;unmarked;subject;group' state='active'/>
      <segment id='3' start='335' end='362' features='theme;unmarked;subject;group' state='active'/>
      <segment id='4' start='444' end='523' features='theme;unmarked;subject;group' state='active'/>
      <segment id='5' start='611' end='660' features='theme;unmarked;subject;group' state='active'/>
      <segment id='6' start='871' end='916' features='theme;unmarked;subject;group' state='active'/>
      <segment id='7' start='1146' end='1212' features='theme;unmarked;subject;group' state='active'/>
    </segments>
</document>