<?xml version='1.0' encoding='utf-8'?>
<document>
  <header>
    <textfile>MLJ/12413.txt</textfile>
    <lang>english</lang>
  </header>
    <segments>
      <segment id='1' start='0' end='7' features='theme;marked;adjunct' state='active'/>
      <segment id='2' start='264' end='283' features='theme;marked;dependent_clause' state='active'/>
      <segment id='3' start='526' end='533' features='theme;marked;adjunct' state='active'/>
      <segment id='4' start='682' end='688' features='theme;textual' state='active'/>
      <segment id='5' start='690' end='743' features='theme;unmarked;subject;group' state='active'/>
      <segment id='6' start='938' end='950' features='theme;unmarked;subject;group' state='active'/>
      <segment id='7' start='1020' end='1025' features='theme;textual' state='active'/>
      <segment id='8' start='1027' end='1064' features='theme;marked;adjunct' state='active'/>
      <segment id='9' start='1312' end='1323' features='theme;marked;adjunct' state='active'/>
      <segment id='10' start='1510' end='1516' features='theme;textual' state='active'/>
      <segment id='11' start='1518' end='1548' features='theme;marked;adjunct' state='active'/>
      <segment id='12' start='1960' end='1984' features='theme;marked;dependent_clause' state='active'/>
    </segments>
</document>