<?xml version='1.0' encoding='utf-8'?>
<document>
  <header>
    <textfile>MLJ/12383.txt</textfile>
    <lang>english</lang>
  </header>
    <segments>
      <segment id='1' start='0' end='9' features='theme;unmarked;subject;group' state='active'/>
      <segment id='2' start='206' end='274' features='theme;marked;adjunct' state='active'/>
      <segment id='3' start='477' end='490' features='theme;textual' state='active'/>
      <segment id='4' start='491' end='493' features='theme;unmarked;subject;group' state='active'/>
      <segment id='5' start='597' end='630' features='theme;unmarked;subject;group' state='active'/>
      <segment id='6' start='710' end='721' features='theme;unmarked;subject;group' state='active'/>
    </segments>
</document>