<?xml version='1.0' encoding='utf-8'?>
<document>
  <header>
    <textfile>MLJ/12306.txt</textfile>
    <lang>english</lang>
  </header>
    <segments>
      <segment id='1' start='0' end='55' features='theme;marked;dependent_clause' state='active'/>
      <segment id='2' start='336' end='338' features='theme;unmarked;subject;group' state='active'/>
      <segment id='3' start='648' end='652' features='theme;textual' state='active'/>
      <segment id='4' start='653' end='655' features='theme;unmarked;subject;group' state='active'/>
      <segment id='5' start='817' end='844' features='theme;marked;adjunct' state='active'/>
      <segment id='6' start='972' end='975' features='theme;textual' state='active'/>
      <segment id='7' start='976' end='978' features='theme;unmarked;subject;group' state='active'/>
      <segment id='8' start='1070' end='1072' features='theme;unmarked;subject;group' state='active'/>
      <segment id='9' start='1218' end='1220' features='theme;unmarked;subject;group' state='active'/>
    </segments>
</document>