<?xml version='1.0' encoding='utf-8'?>
<document>
  <header>
    <textfile>MLJ/12329.txt</textfile>
    <lang>english</lang>
  </header>
    <segments>
      <segment id='1' start='0' end='20' features='theme;marked;adjunct' state='active'/>
      <segment id='2' start='129' end='151' features='theme;unmarked;subject;group' state='active'/>
      <segment id='3' start='196' end='203' features='theme;textual' state='active'/>
      <segment id='4' start='204' end='224' features='theme;unmarked;subject;group' state='active'/>
      <segment id='5' start='278' end='300' features='theme;unmarked;subject;group' state='active'/>
      <segment id='6' start='400' end='413' features='theme;textual' state='active'/>
      <segment id='7' start='415' end='424' features='theme;unmarked;subject;group' state='active'/>
      <segment id='8' start='587' end='599' features='theme;unmarked;subject;group' state='active'/>
      <segment id='9' start='776' end='785' features='theme;unmarked;subject;group' state='active'/>
      <segment id='10' start='879' end='889' features='theme;unmarked;subject;group' state='active'/>
      <segment id='11' start='1003' end='1028' features='theme;unmarked;subject;group' state='active'/>
      <segment id='12' start='1137' end='1160' features='theme;unmarked;subject;group' state='active'/>
      <segment id='13' start='1309' end='1320' features='theme;unmarked;subject;group' state='active'/>
    </segments>
</document>