<?xml version='1.0' encoding='utf-8'?>
<document>
  <header>
    <textfile>MLJ/12344.txt</textfile>
    <lang>english</lang>
  </header>
    <segments>
      <segment id='1' start='0' end='10' features='theme;unmarked;subject;group' state='active'/>
      <segment id='2' start='168' end='191' features='theme;unmarked;subject;group' state='active'/>
      <segment id='3' start='340' end='350' features='theme;unmarked;subject;group' state='active'/>
      <segment id='4' start='669' end='680' features='theme;unmarked;subject;group' state='active'/>
      <segment id='5' start='1001' end='1030' features='theme;unmarked;subject;group' state='active'/>
      <segment id='6' start='1131' end='1158' features='theme;unmarked;subject;group' state='active'/>
    </segments>
</document>