<?xml version='1.0' encoding='utf-8'?>
<document>
  <header>
    <textfile>MLJ/12373.txt</textfile>
    <lang>english</lang>
  </header>
    <segments>
      <segment id='1' start='0' end='11' features='theme;unmarked;subject;group' state='active'/>
      <segment id='2' start='147' end='202' features='theme;marked;adjunct' state='active'/>
      <segment id='3' start='361' end='466' features='theme;marked;adjunct' state='active'/>
      <segment id='4' start='708' end='719' features='theme;textual' state='active'/>
      <segment id='5' start='721' end='725' features='theme;unmarked;subject;group' state='active'/>
      <segment id='8' start='903' end='915' features='theme;unmarked;subject;group' state='active'/>
      <segment id='6' start='1086' end='1172' features='theme;marked;adjunct' state='active'/>
    </segments>
</document>