<?xml version='1.0' encoding='utf-8'?>
<document>
  <header>
    <textfile>MLJ/12367.txt</textfile>
    <lang>english</lang>
  </header>
    <segments>
      <segment id='1' start='0' end='10' features='theme;unmarked;subject;group' state='active'/>
      <segment id='2' start='276' end='302' features='theme;unmarked;subject;group' state='active'/>
      <segment id='3' start='473' end='588' features='theme;unmarked;subject;group' state='active'/>
      <segment id='4' start='649' end='691' features='theme;unmarked;subject;group' state='active'/>
      <segment id='5' start='781' end='789' features='theme;textual' state='active'/>
      <segment id='6' start='790' end='896' features='theme;unmarked;subject;group' state='active'/>
      <segment id='7' start='947' end='1111' features='theme;unmarked;subject;group' state='active'/>
    </segments>
</document>