<?xml version='1.0' encoding='utf-8'?>
<document>
  <header>
    <textfile>MLJ/12407.txt</textfile>
    <lang>english</lang>
  </header>
    <segments>
      <segment id='1' start='0' end='18' features='theme;unmarked;subject;group' state='active'/>
      <segment id='2' start='211' end='284' features='theme;unmarked;subject;group' state='active'/>
      <segment id='3' start='495' end='532' features='theme;marked;adjunct' state='active'/>
      <segment id='4' start='610' end='617' features='theme;unmarked;wh-;wh-adjunct' state='active'/>
      <segment id='5' start='706' end='709' features='theme;textual' state='active'/>
      <segment id='6' start='714' end='725' features='theme;unmarked;wh-;wh-complement' state='active'/>
      <segment id='7' start='866' end='957' features='theme;marked;adjunct' state='active'/>
    </segments>
</document>