<?xml version='1.0' encoding='utf-8'?>
<document>
  <header>
    <textfile>MLJ/12350.txt</textfile>
    <lang>english</lang>
  </header>
    <segments>
      <segment id='1' start='0' end='10' features='theme;unmarked;subject;group' state='active'/>
      <segment id='2' start='180' end='221' features='theme;unmarked;subject;group' state='active'/>
      <segment id='3' start='289' end='297' features='theme;textual' state='active'/>
      <segment id='4' start='298' end='307' features='theme;unmarked;subject;group' state='active'/>
      <segment id='5' start='400' end='414' features='theme;marked;adjunct' state='active'/>
      <segment id='6' start='619' end='631' features='theme;unmarked;subject;group' state='active'/>
      <segment id='7' start='780' end='788' features='theme;unmarked;subject;group' state='active'/>
      <segment id='8' start='919' end='930' features='theme;unmarked;subject;group' state='active'/>
      <segment id='9' start='1094' end='1125' features='theme;unmarked;subject;group' state='active'/>
      <segment id='10' start='1278' end='1289' features='theme;unmarked;subject;group' state='active'/>
    </segments>
</document>