<?xml version='1.0' encoding='utf-8'?>
<document>
  <header>
    <textfile>MLJ/12308.txt</textfile>
    <lang>english</lang>
  </header>
    <segments>
      <segment id='1' start='0' end='12' features='theme;unmarked;subject;group' state='active'/>
      <segment id='2' start='223' end='234' features='theme;unmarked;subject;group' state='active'/>
      <segment id='3' start='514' end='516' features='theme;unmarked;subject;group' state='active'/>
      <segment id='4' start='653' end='661' features='theme;textual' state='active'/>
      <segment id='5' start='662' end='671' features='theme;unmarked;subject;group' state='active'/>
    </segments>
</document>