<?xml version='1.0' encoding='utf-8'?>
<document>
  <header>
    <textfile>MLJ/12385.txt</textfile>
    <lang>english</lang>
  </header>
    <segments>
      <segment id='1' start='0' end='34' features='theme;unmarked;subject;group' state='active'/>
      <segment id='2' start='112' end='182' features='theme;unmarked;subject;group' state='active'/>
      <segment id='3' start='255' end='262' features='theme;textual' state='active'/>
      <segment id='4' start='264' end='301' features='theme;unmarked;subject;group' state='active'/>
      <segment id='5' start='387' end='404' features='theme;unmarked;subject;group' state='active'/>
      <segment id='6' start='481' end='494' features='theme;marked;adjunct' state='active'/>
      <segment id='7' start='864' end='875' features='theme;unmarked;subject;group' state='active'/>
      <segment id='8' start='1145' end='1152' features='theme;textual' state='active'/>
      <segment id='9' start='1154' end='1238' features='theme;unmarked;subject;group' state='active'/>
    </segments>
</document>