<?xml version='1.0' encoding='utf-8'?>
<document>
  <header>
    <textfile>MLJ/12366.txt</textfile>
    <lang>english</lang>
  </header>
    <segments>
      <segment id='1' start='0' end='41' features='theme;unmarked;subject;group' state='active'/>
      <segment id='2' start='313' end='320' features='theme;marked;adjunct' state='active'/>
      <segment id='3' start='434' end='446' features='theme;textual' state='active'/>
      <segment id='4' start='447' end='457' features='theme;unmarked;subject;group' state='active'/>
      <segment id='5' start='547' end='558' features='theme;unmarked;subject;group' state='active'/>
      <segment id='6' start='721' end='745' features='theme;unmarked;subject;group' state='active'/>
      <segment id='7' start='920' end='928' features='theme;textual' state='active'/>
      <segment id='8' start='929' end='948' features='theme;unmarked;subject;group' state='active'/>
      <segment id='9' start='1025' end='1054' features='theme;marked;adjunct' state='active'/>
      <segment id='10' start='1229' end='1255' features='theme;unmarked;subject;group' state='active'/>
      <segment id='11' start='1345' end='1384' features='theme;unmarked;subject;group' state='active'/>
    </segments>
</document>