<?xml version='1.0' encoding='utf-8'?>
<document>
  <header>
    <textfile>MLJ/12319.txt</textfile>
    <lang>english</lang>
  </header>
    <segments>
      <segment id='1' start='0' end='63' features='theme;unmarked;subject;group' state='active'/>
      <segment id='2' start='208' end='220' features='theme;textual' state='active'/>
      <segment id='3' start='221' end='229' features='theme;unmarked;subject;group' state='active'/>
      <segment id='4' start='460' end='472' features='theme;unmarked;subject;group' state='active'/>
      <segment id='5' start='589' end='604' features='theme;unmarked;subject;group' state='active'/>
      <segment id='6' start='730' end='737' features='theme;unmarked;subject;group' state='active'/>
      <segment id='7' start='1320' end='1333' features='theme;unmarked;subject;group' state='active'/>
    </segments>
</document>