<?xml version='1.0' encoding='utf-8'?>
<document>
  <header>
    <textfile>MLJ/12380.txt</textfile>
    <lang>english</lang>
  </header>
    <segments>
      <segment id='1' start='0' end='11' features='theme;unmarked;subject;group' state='active'/>
      <segment id='2' start='167' end='172' features='theme;textual' state='active'/>
      <segment id='3' start='173' end='185' features='theme;unmarked;subject;group' state='active'/>
      <segment id='4' start='273' end='301' features='theme;unmarked;subject;group' state='active'/>
      <segment id='5' start='608' end='641' features='theme;unmarked;subject;group' state='active'/>
      <segment id='6' start='749' end='762' features='theme;unmarked;subject;group' state='active'/>
      <segment id='7' start='1033' end='1073' features='theme;unmarked;subject;group' state='active'/>
      <segment id='8' start='1219' end='1333' features='theme;unmarked;subject;group' state='active'/>
    </segments>
</document>