<?xml version='1.0' encoding='utf-8'?>
<document>
  <header>
    <textfile>MLJ/12381.txt</textfile>
    <lang>english</lang>
  </header>
    <segments>
      <segment id='1' start='0' end='10' features='theme;unmarked;subject;group' state='active'/>
      <segment id='2' start='197' end='206' features='theme;unmarked;subject;group' state='active'/>
      <segment id='3' start='311' end='317' features='theme;textual' state='active'/>
      <segment id='4' start='318' end='343' features='theme;unmarked;subject;group' state='active'/>
      <segment id='5' start='534' end='541' features='theme;textual' state='active'/>
      <segment id='6' start='542' end='562' features='theme;unmarked;subject;group' state='active'/>
      <segment id='7' start='677' end='683' features='theme;textual' state='active'/>
      <segment id='8' start='684' end='745' features='theme;unmarked;subject;group' state='active'/>
      <segment id='9' start='901' end='924' features='theme;unmarked;subject;group' state='active'/>
      <segment id='10' start='1179' end='1192' features='theme;unmarked;subject;group' state='active'/>
    </segments>
</document>