<?xml version='1.0' encoding='utf-8'?>
<document>
  <header>
    <textfile>MLJ/12389.txt</textfile>
    <lang>english</lang>
  </header>
    <segments>
      <segment id='1' start='0' end='17' features='theme;unmarked;subject;group' state='active'/>
      <segment id='2' start='268' end='314' features='theme;unmarked;subject;group' state='active'/>
      <segment id='3' start='435' end='470' features='theme;unmarked;subject;group' state='active'/>
      <segment id='4' start='616' end='632' features='theme;unmarked;subject;group' state='active'/>
      <segment id='5' start='753' end='774' features='theme;unmarked;subject;group' state='active'/>
      <segment id='6' start='913' end='927' features='theme;unmarked;subject;group' state='active'/>
      <segment id='7' start='976' end='981' features='theme;textual' state='active'/>
      <segment id='8' start='982' end='995' features='theme;unmarked;subject;group' state='active'/>
      <segment id='9' start='1055' end='1066' features='theme;textual' state='active'/>
      <segment id='10' start='1068' end='1141' features='theme;unmarked;subject;group' state='active'/>
    </segments>
</document>