<?xml version='1.0' encoding='utf-8'?>
<NETWORK VERSION='1.1'>
  <ROOT>
    <FEATURE>
      <NAME>theme</NAME>
      <STATE>active</STATE>
    </FEATURE>
  </ROOT>
  <SYSTEMS>
    <SYSTEM>
      <NAME>THEME-TYPE</NAME>
      <EC>theme</EC>
      <FEATURES>
        <FEATURE>
          <NAME>unmarked</NAME>
          <STATE>active</STATE>
        </FEATURE>
        <FEATURE>
          <NAME>marked</NAME>
          <STATE>active</STATE>
        </FEATURE>
        <FEATURE>
          <NAME>enhanced</NAME>
          <STATE>active</STATE>
        </FEATURE>
        <FEATURE>
          <NAME>textual</NAME>
          <STATE>active</STATE>
        </FEATURE>
        <FEATURE>
          <NAME>interpersonal</NAME>
          <STATE>active</STATE>
        </FEATURE>
      </FEATURES>
    </SYSTEM>

    <SYSTEM>
      <NAME>UNMARKED-TYPE</NAME>
      <EC>unmarked</EC>
      <FEATURES>
        <FEATURE>
          <NAME>subject</NAME>
          <STATE>active</STATE>
        </FEATURE>
        <FEATURE>
          <NAME>wh-</NAME>
          <STATE>active</STATE>
        </FEATURE>
        <FEATURE>
          <NAME>predicator</NAME>
          <STATE>active</STATE>
        </FEATURE>
      </FEATURES>
    </SYSTEM>

    <SYSTEM>
      <NAME>SUBJECT-TYPE</NAME>
      <EC>subject</EC>
      <FEATURES>
        <FEATURE>
          <NAME>group</NAME>
          <STATE>active</STATE>
        </FEATURE>
        <FEATURE>
          <NAME>clause</NAME>
          <STATE>active</STATE>
        </FEATURE>
      </FEATURES>
    </SYSTEM>

    <SYSTEM>
      <NAME>WH--TYPE</NAME>
      <EC>wh-</EC>
      <FEATURES>
        <FEATURE>
          <NAME>wh-subject</NAME>
          <STATE>active</STATE>
        </FEATURE>
        <FEATURE>
          <NAME>wh-complement</NAME>
          <STATE>active</STATE>
        </FEATURE>
        <FEATURE>
          <NAME>wh-adjunct</NAME>
          <STATE>active</STATE>
        </FEATURE>
      </FEATURES>
    </SYSTEM>

    <SYSTEM>
      <NAME>MARKED-TYPE</NAME>
      <EC>marked</EC>
      <FEATURES>
        <FEATURE>
          <NAME>adjunct</NAME>
          <STATE>active</STATE>
        </FEATURE>
        <FEATURE>
          <NAME>complement</NAME>
          <STATE>active</STATE>
        </FEATURE>
        <FEATURE>
          <NAME>dependent_clause</NAME>
          <STATE>active</STATE>
        </FEATURE>
      </FEATURES>
    </SYSTEM>

    <SYSTEM>
      <NAME>ENHANCED-TYPE</NAME>
      <EC>enhanced</EC>
      <FEATURES>
        <FEATURE>
          <NAME>predicated</NAME>
          <STATE>active</STATE>
        </FEATURE>
        <FEATURE>
          <NAME>equative</NAME>
          <STATE>active</STATE>
        </FEATURE>
        <FEATURE>
          <NAME>comment</NAME>
          <STATE>active</STATE>
        </FEATURE>
        <FEATURE>
          <NAME>preposed</NAME>
          <STATE>active</STATE>
        </FEATURE>
        <FEATURE>
          <NAME>existential</NAME>
          <STATE>active</STATE>
        </FEATURE>
        <FEATURE>
          <NAME>preposed_attributive</NAME>
          <STATE>active</STATE>
        </FEATURE>
      </FEATURES>
    </SYSTEM>

  </SYSTEMS></NETWORK>