<?xml version='1.0' encoding='utf-8'?>
<document>
  <header>
    <textfile>MLJ/12318.txt</textfile>
    <lang>english</lang>
  </header>
    <segments>
      <segment id='1' start='0' end='10' features='theme;unmarked;subject;group' state='active'/>
      <segment id='2' start='147' end='208' features='theme;unmarked;subject;group' state='active'/>
      <segment id='3' start='344' end='356' features='theme;unmarked;subject;group' state='active'/>
      <segment id='4' start='440' end='452' features='theme;unmarked;subject;group' state='active'/>
      <segment id='5' start='638' end='645' features='theme;unmarked;subject;group' state='active'/>
      <segment id='6' start='783' end='791' features='theme;textual' state='active'/>
      <segment id='7' start='792' end='831' features='theme;unmarked;subject;group' state='active'/>
    </segments>
</document>