<?xml version='1.0' encoding='utf-8'?>
<document>
  <header>
    <textfile>MLJ/12302.txt</textfile>
    <lang>english</lang>
  </header>
    <segments>
      <segment id='1' start='0' end='12' features='theme;unmarked;subject;group' state='active'/>
      <segment id='2' start='159' end='188' features='theme;unmarked;subject;group' state='active'/>
      <segment id='3' start='303' end='321' features='theme;marked;adjunct' state='active'/>
      <segment id='4' start='546' end='561' features='theme;unmarked;subject;group' state='active'/>
    </segments>
</document>