<?xml version='1.0' encoding='utf-8'?>
<document>
  <header>
    <textfile>MLJ/12343.txt</textfile>
    <lang>english</lang>
  </header>
    <segments>
      <segment id='1' start='0' end='121' features='theme;marked;adjunct' state='active'/>
      <segment id='2' start='309' end='334' features='theme;marked;adjunct' state='active'/>
      <segment id='3' start='465' end='486' features='theme;marked;adjunct' state='active'/>
      <segment id='4' start='632' end='754' features='theme;unmarked;subject;group' state='active'/>
      <segment id='5' start='853' end='862' features='theme;unmarked;subject;group' state='active'/>
      <segment id='6' start='1023' end='1037' features='theme;unmarked;subject;group' state='active'/>
    </segments>
</document>