<?xml version='1.0' encoding='utf-8'?>
<document>
  <header>
    <textfile>MLJ/12340.txt</textfile>
    <lang>english</lang>
  </header>
    <segments>
      <segment id='1' start='0' end='12' features='theme;unmarked;subject;group' state='active'/>
      <segment id='2' start='231' end='269' features='theme;unmarked;subject;group' state='active'/>
      <segment id='3' start='462' end='494' features='theme;unmarked;subject;group' state='active'/>
      <segment id='4' start='551' end='609' features='theme;unmarked;subject;group' state='active'/>
      <segment id='5' start='730' end='737' features='theme;textual' state='active'/>
      <segment id='6' start='739' end='748' features='theme;unmarked;subject;group' state='active'/>
      <segment id='7' start='869' end='881' features='theme;unmarked;subject;group' state='active'/>
    </segments>
</document>