<?xml version='1.0' encoding='utf-8'?>
<document>
  <header>
    <textfile>MLJ/12338.txt</textfile>
    <lang>english</lang>
  </header>
    <segments>
      <segment id='1' start='0' end='10' features='theme;unmarked;subject;group' state='active'/>
      <segment id='2' start='295' end='351' features='theme;unmarked;subject;group' state='active'/>
      <segment id='3' start='592' end='603' features='theme;unmarked;subject;group' state='active'/>
      <segment id='4' start='795' end='863' features='theme;marked;adjunct' state='active'/>
      <segment id='5' start='969' end='981' features='theme;unmarked;subject;group' state='active'/>
      <segment id='6' start='1246' end='1258' features='theme;unmarked;subject;group' state='active'/>
    </segments>
</document>