<?xml version='1.0' encoding='utf-8'?>
<document>
  <header>
    <textfile>MLJ/12382.txt</textfile>
    <lang>english</lang>
  </header>
    <segments>
      <segment id='1' start='0' end='2' features='theme;unmarked;subject;group' state='active'/>
      <segment id='2' start='313' end='325' features='theme;unmarked;subject;group' state='active'/>
      <segment id='4' start='573' end='585' features='theme;unmarked;subject;group' state='active'/>
      <segment id='3' start='650' end='657' features='theme;unmarked;subject;group' state='active'/>
      <segment id='5' start='753' end='760' features='theme;textual' state='active'/>
      <segment id='6' start='762' end='773' features='theme;unmarked;subject;group' state='active'/>
      <segment id='7' start='848' end='955' features='theme;unmarked;subject;group' state='active'/>
    </segments>
</document>