<?xml version='1.0' encoding='utf-8'?>
<document>
  <header>
    <textfile>MLJ/12346.txt</textfile>
    <lang>english</lang>
  </header>
    <segments>
      <segment id='1' start='0' end='18' features='theme;unmarked;subject;group' state='active'/>
      <segment id='2' start='96' end='141' features='theme;marked;adjunct' state='active'/>
      <segment id='3' start='186' end='194' features='theme;marked;adjunct' state='active'/>
      <segment id='4' start='400' end='426' features='theme;unmarked;subject;group' state='active'/>
      <segment id='5' start='444' end='447' features='theme;textual' state='active'/>
      <segment id='6' start='448' end='455' features='theme;unmarked;subject;group' state='active'/>
      <segment id='7' start='471' end='479' features='theme;textual' state='active'/>
      <segment id='8' start='480' end='489' features='theme;unmarked;subject;group' state='active'/>
      <segment id='9' start='581' end='598' features='theme;unmarked;subject;group' state='active'/>
      <segment id='10' start='773' end='818' features='theme;unmarked;subject;group' state='active'/>
      <segment id='11' start='1026' end='1033' features='theme;unmarked;subject;group' state='active'/>
      <segment id='12' start='1224' end='1233' features='theme;marked;adjunct' state='active'/>
    </segments>
</document>