<?xml version='1.0' encoding='utf-8'?>
<document>
  <header>
    <textfile>MLJ/12386.txt</textfile>
    <lang>english</lang>
  </header>
    <segments>
      <segment id='1' start='0' end='8' features='theme;unmarked;subject;group' state='active'/>
      <segment id='2' start='232' end='264' features='theme;unmarked;subject;group' state='active'/>
      <segment id='3' start='399' end='417' features='theme;unmarked;subject;group' state='active'/>
      <segment id='4' start='568' end='572' features='theme;unmarked;subject;group' state='active'/>
      <segment id='5' start='750' end='782' features='theme;unmarked;subject;group' state='active'/>
      <segment id='6' start='879' end='897' features='theme;unmarked;subject;group' state='active'/>
      <segment id='7' start='1045' end='1058' features='theme;unmarked;subject;group' state='active'/>
    </segments>
</document>