<?xml version='1.0' encoding='utf-8'?>
<document>
  <header>
    <textfile>MLJ/12347.txt</textfile>
    <lang>english</lang>
  </header>
    <segments>
      <segment id='1' start='0' end='16' features='theme;marked;adjunct' state='active'/>
      <segment id='2' start='253' end='399' features='theme;marked;dependent_clause' state='active'/>
      <segment id='3' start='537' end='608' features='theme;marked;adjunct' state='active'/>
      <segment id='4' start='715' end='717' features='theme;unmarked;subject;group' state='active'/>
      <segment id='5' start='864' end='871' features='theme;textual' state='active'/>
      <segment id='6' start='873' end='875' features='theme;unmarked;subject;group' state='active'/>
      <segment id='7' start='1070' end='1072' features='theme;unmarked;subject;group' state='active'/>
    </segments>
</document>