<?xml version='1.0' encoding='utf-8'?>
<document>
  <header>
    <textfile>MLJ/12387.txt</textfile>
    <lang>english</lang>
  </header>
    <segments>
      <segment id='1' start='0' end='10' features='theme;unmarked;subject;group' state='active'/>
      <segment id='2' start='75' end='84' features='theme;unmarked;subject;group' state='active'/>
      <segment id='3' start='252' end='269' features='theme;unmarked;subject;group' state='active'/>
      <segment id='4' start='335' end='340' features='theme;textual' state='active'/>
      <segment id='5' start='341' end='358' features='theme;unmarked;subject;group' state='active'/>
      <segment id='6' start='413' end='490' features='theme;unmarked;subject;group' state='active'/>
      <segment id='7' start='594' end='602' features='theme;unmarked;subject;group' state='active'/>
      <segment id='8' start='707' end='711' features='theme;unmarked;subject;group' state='active'/>
      <segment id='9' start='917' end='928' features='theme;unmarked;subject;group' state='active'/>
      <segment id='10' start='1130' end='1162' features='theme;marked;adjunct' state='active'/>
      <segment id='11' start='1215' end='1218' features='theme;textual' state='active'/>
      <segment id='12' start='1219' end='1233' features='theme;unmarked;subject;group' state='active'/>
      <segment id='13' start='1269' end='1283' features='theme;unmarked;subject;group' state='active'/>
    </segments>
</document>