<?xml version='1.0' encoding='utf-8'?>
<document>
  <header>
    <textfile>MLJ/12309.txt</textfile>
    <lang>english</lang>
  </header>
    <segments>
      <segment id='1' start='0' end='36' features='theme;unmarked;subject;group' state='active'/>
      <segment id='2' start='159' end='192' features='theme;unmarked;subject;group' state='active'/>
      <segment id='3' start='238' end='250' features='theme;unmarked;subject;group' state='active'/>
      <segment id='4' start='540' end='576' features='theme;marked;adjunct' state='active'/>
      <segment id='5' start='787' end='798' features='theme;marked;adjunct' state='active'/>
      <segment id='6' start='993' end='995' features='theme;unmarked;subject;group' state='active'/>
    </segments>
</document>