<?xml version='1.0' encoding='utf-8'?>
<document>
  <header>
    <textfile>MLJ/12374.txt</textfile>
    <lang>english</lang>
  </header>
    <segments>
      <segment id='1' start='0' end='27' features='theme;unmarked;subject;group' state='active'/>
      <segment id='2' start='232' end='382' features='theme;marked;adjunct' state='active'/>
      <segment id='3' start='524' end='533' features='theme;unmarked;subject;group' state='active'/>
      <segment id='4' start='602' end='605' features='theme;textual' state='active'/>
      <segment id='5' start='606' end='614' features='theme;unmarked;subject;group' state='active'/>
      <segment id='6' start='800' end='812' features='theme;unmarked;subject;group' state='active'/>
      <segment id='7' start='1020' end='1048' features='theme;unmarked;subject;group' state='active'/>
      <segment id='8' start='1264' end='1275' features='theme;unmarked;subject;group' state='active'/>
    </segments>
</document>