<?xml version='1.0' encoding='utf-8'?>
<document>
  <header>
    <textfile>MLJ/12304.txt</textfile>
    <lang>english</lang>
  </header>
    <segments>
      <segment id='1' start='0' end='12' features='theme;unmarked;subject;group' state='active'/>
      <segment id='2' start='253' end='325' features='theme;marked;adjunct' state='active'/>
      <segment id='3' start='425' end='427' features='theme;unmarked;subject;group' state='active'/>
      <segment id='4' start='619' end='763' features='theme;marked;adjunct' state='active'/>
      <segment id='5' start='898' end='900' features='theme;unmarked;subject;group' state='active'/>
      <segment id='6' start='1068' end='1076' features='theme;textual' state='active'/>
      <segment id='7' start='1077' end='1079' features='theme;unmarked;subject;group' state='active'/>
    </segments>
</document>