<?xml version='1.0' encoding='utf-8'?>
<document>
  <header>
    <textfile>MLJ/12417.txt</textfile>
    <lang>english</lang>
  </header>
    <segments>
      <segment id='1' start='0' end='20' features='theme;unmarked;subject;group' state='active'/>
      <segment id='2' start='129' end='148' features='theme;unmarked;subject;group' state='active'/>
      <segment id='3' start='241' end='253' features='theme;unmarked;subject;group' state='active'/>
      <segment id='4' start='455' end='474' features='theme;unmarked;subject;group' state='active'/>
      <segment id='5' start='632' end='681' features='theme;unmarked;subject;group' state='active'/>
      <segment id='6' start='777' end='804' features='theme;unmarked;subject;group' state='active'/>
      <segment id='7' start='977' end='995' features='theme;unmarked;subject;group' state='active'/>
      <segment id='8' start='1061' end='1078' features='theme;unmarked;subject;group' state='active'/>
      <segment id='10' start='1151' end='1154' features='theme;textual' state='active'/>
      <segment id='9' start='1155' end='1175' features='theme;unmarked;subject;group' state='active'/>
      <segment id='11' start='1230' end='1318' features='theme;unmarked;subject;group' state='active'/>
    </segments>
</document>