<?xml version='1.0' encoding='utf-8'?>
<document>
  <header>
    <textfile>MLJ/12348.txt</textfile>
    <lang>english</lang>
  </header>
    <segments>
      <segment id='1' start='0' end='10' features='theme;unmarked;subject;group' state='active'/>
      <segment id='2' start='160' end='183' features='theme;marked;adjunct' state='active'/>
      <segment id='3' start='477' end='640' features='theme;marked;adjunct' state='active'/>
      <segment id='4' start='715' end='717' features='theme;unmarked;subject;group' state='active'/>
    </segments>
</document>