<?xml version='1.0' encoding='utf-8'?>
<document>
  <header>
    <textfile>MLJ/12416.txt</textfile>
    <lang>english</lang>
  </header>
    <segments>
      <segment id='1' start='0' end='63' features='theme;unmarked;subject;group' state='active'/>
      <segment id='2' start='214' end='228' features='theme;unmarked;wh-;wh-adjunct' state='active'/>
      <segment id='3' start='558' end='561' features='theme;textual' state='active'/>
      <segment id='4' start='562' end='565' features='theme;unmarked;wh-;wh-adjunct' state='active'/>
      <segment id='5' start='963' end='984' features='theme;unmarked;wh-;wh-subject' state='active'/>
      <segment id='6' start='1001' end='1008' features='theme;textual' state='active'/>
      <segment id='7' start='1010' end='1013' features='theme;unmarked;wh-;wh-adjunct' state='active'/>
      <segment id='8' start='1201' end='1225' features='theme;marked;adjunct' state='active'/>
    </segments>
</document>