<?xml version='1.0' encoding='utf-8'?>
<document>
  <header>
    <textfile>MLJ/12303.txt</textfile>
    <lang>english</lang>
  </header>
    <segments>
      <segment id='1' start='0' end='12' features='theme;unmarked;subject;group' state='active'/>
      <segment id='2' start='193' end='226' features='theme;marked;adjunct' state='active'/>
      <segment id='3' start='336' end='367' features='theme;unmarked;subject;group' state='active'/>
      <segment id='4' start='426' end='430' features='theme;textual' state='active'/>
      <segment id='5' start='432' end='519' features='theme;unmarked;subject;clause' state='active'/>
      <segment id='6' start='711' end='776' features='theme;unmarked;subject;group' state='active'/>
      <segment id='7' start='970' end='992' features='theme;marked;adjunct' state='active'/>
      <segment id='8' start='1074' end='1126' features='theme;marked;dependent_clause' state='active'/>
      <segment id='9' start='1204' end='1230' features='theme;marked;adjunct' state='active'/>
      <segment id='10' start='1315' end='1376' features='theme;marked;adjunct' state='active'/>
      <segment id='11' start='1500' end='1508' features='theme;textual' state='active'/>
      <segment id='12' start='1510' end='1589' features='theme;marked;adjunct' state='active'/>
      <segment id='13' start='1718' end='1736' features='theme;marked;adjunct' state='active'/>
      <segment id='14' start='1879' end='1905' features='theme;marked;adjunct' state='active'/>
      <segment id='15' start='2281' end='2292' features='theme;marked;adjunct' state='active'/>
    </segments>
</document>