<?xml version='1.0' encoding='utf-8'?>
<document>
  <header>
    <textfile>MLJ/12412.txt</textfile>
    <lang>english</lang>
  </header>
    <segments>
      <segment id='1' start='0' end='12' features='theme;marked;adjunct' state='active'/>
      <segment id='2' start='201' end='396' features='theme;marked;adjunct' state='active'/>
      <segment id='3' start='418' end='578' features='theme;marked;adjunct' state='active'/>
      <segment id='4' start='639' end='654' features='theme;enhanced;comment' state='active'/>
      <segment id='5' start='895' end='906' features='theme;unmarked;subject;group' state='active'/>
      <segment id='6' start='987' end='1020' features='theme;marked;adjunct' state='active'/>
      <segment id='7' start='1136' end='1143' features='theme;textual' state='active'/>
      <segment id='8' start='1145' end='1160' features='theme;enhanced;comment' state='active'/>
    </segments>
</document>