<?xml version='1.0' encoding='utf-8'?>
<document>
  <header>
    <textfile>MLJ/12392.txt</textfile>
    <lang>english</lang>
  </header>
    <segments>
      <segment id='1' start='0' end='10' features='theme;unmarked;subject;group' state='active'/>
      <segment id='2' start='176' end='218' features='theme;unmarked;subject;group' state='active'/>
      <segment id='3' start='332' end='343' features='theme;unmarked;subject;group' state='active'/>
      <segment id='4' start='603' end='646' features='theme;unmarked;subject;group' state='active'/>
      <segment id='5' start='878' end='905' features='theme;unmarked;subject;group' state='active'/>
      <segment id='6' start='1056' end='1070' features='theme;unmarked;subject;group' state='active'/>
    </segments>
</document>