<?xml version='1.0' encoding='utf-8'?>
<document>
  <header>
    <textfile>MLJ/12396.txt</textfile>
    <lang>english</lang>
  </header>
    <segments>
      <segment id='1' start='0' end='35' features='theme;unmarked;subject;group' state='active'/>
      <segment id='2' start='160' end='179' features='theme;unmarked;subject;group' state='active'/>
      <segment id='3' start='485' end='504' features='theme;unmarked;subject;group' state='active'/>
      <segment id='4' start='619' end='626' features='theme;textual' state='active'/>
      <segment id='5' start='628' end='650' features='theme;unmarked;subject;group' state='active'/>
      <segment id='6' start='816' end='828' features='theme;unmarked;subject;group' state='active'/>
      <segment id='7' start='1011' end='1020' features='theme;unmarked;subject;group' state='active'/>
      <segment id='8' start='1246' end='1257' features='theme;unmarked;subject;group' state='active'/>
      <segment id='9' start='1362' end='1368' features='theme;textual' state='active'/>
      <segment id='10' start='1369' end='1389' features='theme;marked;adjunct' state='active'/>
    </segments>
</document>