<?xml version='1.0' encoding='utf-8'?>
<document>
  <header>
    <textfile>MLJ/12315.txt</textfile>
    <lang>english</lang>
  </header>
    <segments>
      <segment id='1' start='0' end='11' features='theme;unmarked;subject;group' state='active'/>
      <segment id='2' start='238' end='349' features='theme;unmarked;subject;group' state='active'/>
      <segment id='3' start='450' end='475' features='theme;unmarked;subject;group' state='active'/>
      <segment id='4' start='671' end='692' features='theme;unmarked;subject;group' state='active'/>
      <segment id='5' start='865' end='902' features='theme;unmarked;subject;group' state='active'/>
      <segment id='6' start='948' end='951' features='theme;textual' state='active'/>
      <segment id='7' start='952' end='991' features='theme;unmarked;subject;group' state='active'/>
      <segment id='8' start='1120' end='1122' features='theme;unmarked;subject;group' state='active'/>
    </segments>
</document>