<?xml version='1.0' encoding='utf-8'?>
<document>
  <header>
    <textfile>MLJ/12341.txt</textfile>
    <lang>english</lang>
  </header>
    <segments>
      <segment id='1' start='0' end='20' features='theme;unmarked;subject;group' state='active'/>
      <segment id='2' start='154' end='253' features='theme;unmarked;subject;group' state='active'/>
      <segment id='3' start='324' end='332' features='theme;unmarked;subject;group' state='active'/>
      <segment id='4' start='485' end='519' features='theme;unmarked;subject;group' state='active'/>
      <segment id='5' start='675' end='792' features='theme;marked;adjunct' state='active'/>
      <segment id='6' start='1002' end='1020' features='theme;enhanced;comment' state='active'/>
      <segment id='7' start='1171' end='1173' features='theme;unmarked;subject;group' state='active'/>
    </segments>
</document>