<?xml version='1.0' encoding='utf-8'?>
<document>
  <header>
    <textfile>MLJ/12300.txt</textfile>
    <lang>english</lang>
  </header>
    <segments>
      <segment id='1' start='0' end='143' features='theme;unmarked;subject;group' state='active'/>
      <segment id='2' start='283' end='305' features='theme;unmarked;subject;group' state='active'/>
      <segment id='3' start='421' end='434' features='theme;unmarked;subject;group' state='active'/>
      <segment id='4' start='760' end='775' features='theme;marked;adjunct' state='active'/>
      <segment id='5' start='924' end='926' features='theme;unmarked;subject;group' state='active'/>
      <segment id='6' start='997' end='1105' features='theme;marked;adjunct' state='active'/>
      <segment id='7' start='1151' end='1192' features='theme;unmarked;subject;group' state='active'/>
      <segment id='8' start='1296' end='1298' features='theme;unmarked;subject;group' state='active'/>
      <segment id='9' start='1447' end='1473' features='theme;marked;adjunct' state='active'/>
      <segment id='10' start='1847' end='1849' features='theme;unmarked;subject;group' state='active'/>
    </segments>
</document>