<?xml version='1.0' encoding='utf-8'?>
<document>
  <header>
    <textfile>MLJ/12339.txt</textfile>
    <lang>english</lang>
  </header>
    <segments>
      <segment id='1' start='0' end='10' features='theme;unmarked;subject;group' state='active'/>
      <segment id='2' start='240' end='316' features='theme;unmarked;subject;group' state='active'/>
      <segment id='3' start='349' end='426' features='theme;unmarked;subject;group' state='active'/>
      <segment id='4' start='475' end='497' features='theme;unmarked;subject;group' state='active'/>
      <segment id='5' start='635' end='652' features='theme;unmarked;subject;group' state='active'/>
      <segment id='6' start='955' end='983' features='theme;unmarked;subject;group' state='active'/>
      <segment id='7' start='1087' end='1109' features='theme;unmarked;subject;group' state='active'/>
      <segment id='8' start='1255' end='1285' features='theme;unmarked;subject;group' state='active'/>
    </segments>
</document>