<?xml version='1.0' encoding='utf-8'?>
<document>
  <header>
    <textfile>MLJ/12384.txt</textfile>
    <lang>english</lang>
  </header>
    <segments>
      <segment id='1' start='0' end='14' features='theme;marked;adjunct' state='active'/>
      <segment id='2' start='190' end='211' features='theme;unmarked;subject;group' state='active'/>
      <segment id='3' start='329' end='342' features='theme;textual' state='active'/>
      <segment id='10' start='344' end='407' features='theme;marked;dependent_clause' state='active'/>
      <segment id='4' start='481' end='503' features='theme;unmarked;subject;group' state='active'/>
      <segment id='5' start='634' end='636' features='theme;unmarked;subject;group' state='active'/>
      <segment id='6' start='698' end='702' features='theme;unmarked;subject;group' state='active'/>
      <segment id='7' start='859' end='891' features='theme;unmarked;subject;group' state='active'/>
      <segment id='8' start='1083' end='1098' features='theme;unmarked;subject;group' state='active'/>
      <segment id='9' start='1257' end='1288' features='theme;unmarked;subject;group' state='active'/>
    </segments>
</document>