<?xml version='1.0' encoding='utf-8'?>
<document>
  <header>
    <textfile>MLJ/12369.txt</textfile>
    <lang>english</lang>
  </header>
    <segments>
      <segment id='1' start='0' end='12' features='theme;unmarked;subject;group' state='active'/>
      <segment id='2' start='237' end='261' features='theme;unmarked;subject;group' state='active'/>
      <segment id='3' start='451' end='463' features='theme;unmarked;subject;group' state='active'/>
      <segment id='4' start='612' end='616' features='theme;unmarked;subject;group' state='active'/>
      <segment id='5' start='662' end='693' features='theme;marked;adjunct' state='active'/>
      <segment id='6' start='846' end='858' features='theme;textual' state='active'/>
      <segment id='7' start='860' end='882' features='theme;unmarked;subject;group' state='active'/>
      <segment id='8' start='934' end='941' features='theme;textual' state='active'/>
      <segment id='9' start='943' end='951' features='theme;unmarked;subject;group' state='active'/>
      <segment id='10' start='1116' end='1144' features='theme;marked;adjunct' state='active'/>
    </segments>
</document>