<?xml version='1.0' encoding='utf-8'?>
<document>
  <header>
    <textfile>MLJ/12310.txt</textfile>
    <lang>english</lang>
  </header>
    <segments>
      <segment id='1' start='0' end='144' features='theme;marked;adjunct' state='active'/>
      <segment id='2' start='474' end='476' features='theme;unmarked;subject;group' state='active'/>
      <segment id='3' start='816' end='818' features='theme;unmarked;subject;group' state='active'/>
      <segment id='4' start='1018' end='1050' features='theme;unmarked;subject;group' state='active'/>
    </segments>
</document>