<?xml version='1.0' encoding='utf-8'?>
<document>
  <header>
    <textfile>MLJ/12352.txt</textfile>
    <lang>english</lang>
  </header>
    <segments>
      <segment id='1' start='0' end='12' features='theme;unmarked;subject;group' state='active'/>
      <segment id='2' start='239' end='282' features='theme;marked;adjunct' state='active'/>
      <segment id='3' start='449' end='481' features='theme;unmarked;subject;group' state='active'/>
      <segment id='4' start='597' end='651' features='theme;marked;adjunct' state='active'/>
      <segment id='5' start='906' end='908' features='theme;unmarked;subject;group' state='active'/>
      <segment id='6' start='1107' end='1109' features='theme;unmarked;subject;group' state='active'/>
      <segment id='7' start='1282' end='1301' features='theme;interpersonal' state='active'/>
      <segment id='8' start='1303' end='1305' features='theme;unmarked;subject;group' state='active'/>
    </segments>
</document>