<?xml version='1.0' encoding='utf-8'?>
<document>
  <header>
    <textfile>MLJ/12335.txt</textfile>
    <lang>english</lang>
  </header>
    <segments>
      <segment id='1' start='0' end='51' features='theme;unmarked;subject;clause' state='active'/>
      <segment id='2' start='112' end='125' features='theme;interpersonal' state='active'/>
      <segment id='3' start='127' end='135' features='theme;textual' state='active'/>
      <segment id='4' start='136' end='168' features='theme;unmarked;subject;group' state='active'/>
      <segment id='5' start='295' end='349' features='theme;marked;adjunct' state='active'/>
      <segment id='6' start='491' end='493' features='theme;unmarked;subject;group' state='active'/>
      <segment id='7' start='675' end='677' features='theme;unmarked;subject;group' state='active'/>
      <segment id='8' start='735' end='751' features='theme;unmarked;subject;group' state='active'/>
      <segment id='9' start='796' end='826' features='theme;unmarked;subject;group' state='active'/>
      <segment id='10' start='890' end='925' features='theme;unmarked;subject;group' state='active'/>
      <segment id='11' start='981' end='998' features='theme;unmarked;subject;group' state='active'/>
      <segment id='12' start='1194' end='1196' features='theme;unmarked;subject;group' state='active'/>
    </segments>
</document>