<?xml version='1.0' encoding='utf-8'?>
<document>
  <header>
    <textfile>MLJ/12345.txt</textfile>
    <lang>english</lang>
  </header>
    <segments>
      <segment id='1' start='0' end='10' features='theme;unmarked;subject;group' state='active'/>
      <segment id='2' start='245' end='295' features='theme;unmarked;subject;group' state='active'/>
      <segment id='3' start='433' end='441' features='theme;textual' state='active'/>
      <segment id='4' start='442' end='455' features='theme;unmarked;subject;group' state='active'/>
      <segment id='5' start='615' end='632' features='theme;unmarked;subject;group' state='active'/>
      <segment id='6' start='813' end='820' features='theme;unmarked;subject;group' state='active'/>
      <segment id='7' start='1027' end='1077' features='theme;unmarked;subject;group' state='active'/>
      <segment id='8' start='1221' end='1235' features='theme;unmarked;subject;group' state='active'/>
    </segments>
</document>