<?xml version='1.0' encoding='utf-8'?>
<document>
  <header>
    <textfile>MLJ/12400.txt</textfile>
    <lang>english</lang>
  </header>
    <segments>
      <segment id='1' start='0' end='10' features='theme;unmarked;subject;group' state='active'/>
      <segment id='2' start='286' end='312' features='theme;unmarked;subject;group' state='active'/>
      <segment id='3' start='428' end='436' features='theme;unmarked;subject;group' state='active'/>
      <segment id='4' start='746' end='782' features='theme;marked;adjunct' state='active'/>
    </segments>
</document>