<?xml version='1.0' encoding='utf-8'?>
<document>
  <header>
    <textfile>MLJ/12334.txt</textfile>
    <lang>english</lang>
  </header>
    <segments>
      <segment id='1' start='0' end='13' features='theme;unmarked;subject;group' state='active'/>
      <segment id='2' start='138' end='141' features='theme;textual' state='active'/>
      <segment id='3' start='142' end='190' features='theme;unmarked;subject;group' state='active'/>
      <segment id='4' start='345' end='361' features='theme;marked;adjunct' state='active'/>
      <segment id='5' start='457' end='569' features='theme;marked;adjunct' state='active'/>
      <segment id='6' start='755' end='772' features='theme;marked;adjunct' state='active'/>
      <segment id='7' start='978' end='992' features='theme;unmarked;subject;group' state='active'/>
    </segments>
</document>