<?xml version='1.0' encoding='utf-8'?>
<document>
  <header>
    <textfile>MLJ/12415.txt</textfile>
    <lang>english</lang>
  </header>
    <segments>
      <segment id='1' start='0' end='12' features='theme;unmarked;subject;group' state='active'/>
      <segment id='2' start='135' end='144' features='theme;unmarked;subject;group' state='active'/>
      <segment id='3' start='256' end='264' features='theme;unmarked;subject;group' state='active'/>
      <segment id='4' start='467' end='471' features='theme;unmarked;subject;group' state='active'/>
      <segment id='6' start='665' end='965' features='theme;marked;dependent_clause' state='active'/>
      <segment id='5' start='1047' end='1051' features='theme;unmarked;subject;group' state='active'/>
    </segments>
</document>