<?xml version='1.0' encoding='utf-8'?>
<document>
  <header>
    <textfile>MLJ/12395.txt</textfile>
    <lang>english</lang>
  </header>
    <segments>
      <segment id='1' start='0' end='10' features='theme;unmarked;subject;group' state='active'/>
      <segment id='2' start='213' end='256' features='theme;unmarked;subject;group' state='active'/>
      <segment id='3' start='351' end='363' features='theme;unmarked;subject;group' state='active'/>
      <segment id='4' start='479' end='486' features='theme;unmarked;subject;group' state='active'/>
      <segment id='5' start='529' end='551' features='theme;unmarked;subject;group' state='active'/>
      <segment id='6' start='625' end='632' features='theme;textual' state='active'/>
      <segment id='7' start='633' end='659' features='theme;unmarked;subject;group' state='active'/>
      <segment id='8' start='737' end='742' features='theme;enhanced;existential' state='active'/>
      <segment id='9' start='788' end='801' features='theme;unmarked;subject;group' state='active'/>
      <segment id='10' start='957' end='969' features='theme;unmarked;subject;group' state='active'/>
    </segments>
</document>